,Model,Net,Loss Type,Image Set,LR-Attention,LR-Association,c,phi,Permutation,Type,Epoch,Train Loss,Train Accuracy,Probability Correct
1,mlp,,hinge,abstract,0.002,0.015,,2.0,0,1,1,1.0322,50.0,0.499
2,mlp,,hinge,abstract,0.002,0.015,,2.0,0,1,4,0.9415,50.0,0.5416
3,mlp,,hinge,abstract,0.002,0.015,,2.0,0,1,8,0.8104,50.0,0.6003
4,mlp,,hinge,abstract,0.002,0.015,,2.0,0,1,12,0.6466,62.5,0.6654
5,mlp,,hinge,abstract,0.002,0.015,,2.0,0,1,16,0.4556,100.0,0.746
6,mlp,,hinge,abstract,0.002,0.015,,2.0,0,2,1,0.9841,50.0,0.5068
7,mlp,,hinge,abstract,0.002,0.015,,2.0,0,2,4,0.9828,50.0,0.5074
8,mlp,,hinge,abstract,0.002,0.015,,2.0,0,2,8,0.9808,50.0,0.5082
9,mlp,,hinge,abstract,0.002,0.015,,2.0,0,2,12,0.9787,50.0,0.5091
10,mlp,,hinge,abstract,0.002,0.015,,2.0,0,2,16,0.9764,50.0,0.5101
11,mlp,,hinge,abstract,0.002,0.015,,2.0,0,3,1,0.9689,50.0,0.521
12,mlp,,hinge,abstract,0.002,0.015,,2.0,0,3,4,0.9268,75.0,0.5427
13,mlp,,hinge,abstract,0.002,0.015,,2.0,0,3,8,0.8667,75.0,0.5728
14,mlp,,hinge,abstract,0.002,0.015,,2.0,0,3,12,0.7997,75.0,0.6022
15,mlp,,hinge,abstract,0.002,0.015,,2.0,0,3,16,0.7227,75.0,0.6288
16,mlp,,hinge,abstract,0.002,0.015,,2.0,0,4,1,1.1039,37.5,0.4634
17,mlp,,hinge,abstract,0.002,0.015,,2.0,0,4,4,1.0498,37.5,0.486
18,mlp,,hinge,abstract,0.002,0.015,,2.0,0,4,8,0.9809,50.0,0.5179
19,mlp,,hinge,abstract,0.002,0.015,,2.0,0,4,12,0.9092,75.0,0.553
20,mlp,,hinge,abstract,0.002,0.015,,2.0,0,4,16,0.8273,75.0,0.592
21,mlp,,hinge,abstract,0.002,0.015,,2.0,0,5,1,1.0431,37.5,0.482
22,mlp,,hinge,abstract,0.002,0.015,,2.0,0,5,4,1.0248,50.0,0.4908
23,mlp,,hinge,abstract,0.002,0.015,,2.0,0,5,8,1.0022,62.5,0.5017
24,mlp,,hinge,abstract,0.002,0.015,,2.0,0,5,12,0.9806,50.0,0.5122
25,mlp,,hinge,abstract,0.002,0.015,,2.0,0,5,16,0.9589,75.0,0.5228
26,mlp,,hinge,abstract,0.002,0.015,,2.0,0,6,1,0.9999,50.0,0.5009
27,mlp,,hinge,abstract,0.002,0.015,,2.0,0,6,4,0.9998,50.0,0.501
28,mlp,,hinge,abstract,0.002,0.015,,2.0,0,6,8,0.9998,50.0,0.501
29,mlp,,hinge,abstract,0.002,0.015,,2.0,0,6,12,0.9997,50.0,0.5011
30,mlp,,hinge,abstract,0.002,0.015,,2.0,0,6,16,0.9996,50.0,0.5011
1,mlp,,hinge,abstract,0.002,0.015,,2.5,0,1,1,0.9764,50.0,0.5247
2,mlp,,hinge,abstract,0.002,0.015,,2.5,0,1,4,0.9225,50.0,0.5547
3,mlp,,hinge,abstract,0.002,0.015,,2.5,0,1,8,0.8415,50.0,0.5928
4,mlp,,hinge,abstract,0.002,0.015,,2.5,0,1,12,0.7382,50.0,0.629
5,mlp,,hinge,abstract,0.002,0.015,,2.5,0,1,16,0.6219,75.0,0.6835
6,mlp,,hinge,abstract,0.002,0.015,,2.5,0,2,1,1.0047,50.0,0.497
7,mlp,,hinge,abstract,0.002,0.015,,2.5,0,2,4,1.0027,50.0,0.498
8,mlp,,hinge,abstract,0.002,0.015,,2.5,0,2,8,1.0001,50.0,0.4993
9,mlp,,hinge,abstract,0.002,0.015,,2.5,0,2,12,0.9974,50.0,0.5005
10,mlp,,hinge,abstract,0.002,0.015,,2.5,0,2,16,0.9947,50.0,0.5018
11,mlp,,hinge,abstract,0.002,0.015,,2.5,0,3,1,1.0182,50.0,0.4949
12,mlp,,hinge,abstract,0.002,0.015,,2.5,0,3,4,0.9806,50.0,0.5149
13,mlp,,hinge,abstract,0.002,0.015,,2.5,0,3,8,0.9271,50.0,0.5452
14,mlp,,hinge,abstract,0.002,0.015,,2.5,0,3,12,0.8674,62.5,0.5791
15,mlp,,hinge,abstract,0.002,0.015,,2.5,0,3,16,0.7991,75.0,0.6149
16,mlp,,hinge,abstract,0.002,0.015,,2.5,0,4,1,0.9691,50.0,0.5211
17,mlp,,hinge,abstract,0.002,0.015,,2.5,0,4,4,0.9439,50.0,0.5338
18,mlp,,hinge,abstract,0.002,0.015,,2.5,0,4,8,0.9046,50.0,0.5514
19,mlp,,hinge,abstract,0.002,0.015,,2.5,0,4,12,0.8548,50.0,0.5694
20,mlp,,hinge,abstract,0.002,0.015,,2.5,0,4,16,0.7908,50.0,0.5889
21,mlp,,hinge,abstract,0.002,0.015,,2.5,0,5,1,0.9006,75.0,0.5677
22,mlp,,hinge,abstract,0.002,0.015,,2.5,0,5,4,0.8673,75.0,0.5877
23,mlp,,hinge,abstract,0.002,0.015,,2.5,0,5,8,0.8169,75.0,0.6145
24,mlp,,hinge,abstract,0.002,0.015,,2.5,0,5,12,0.7575,75.0,0.6401
25,mlp,,hinge,abstract,0.002,0.015,,2.5,0,5,16,0.6907,75.0,0.6651
26,mlp,,hinge,abstract,0.002,0.015,,2.5,0,6,1,1.0009,50.0,0.4995
27,mlp,,hinge,abstract,0.002,0.015,,2.5,0,6,4,1.0008,50.0,0.4995
28,mlp,,hinge,abstract,0.002,0.015,,2.5,0,6,8,1.0007,50.0,0.4996
29,mlp,,hinge,abstract,0.002,0.015,,2.5,0,6,12,1.0006,50.0,0.4997
30,mlp,,hinge,abstract,0.002,0.015,,2.5,0,6,16,1.0005,50.0,0.4998
1,mlp,,hinge,abstract,0.004,0.015,,2.0,0,1,1,0.9702,62.5,0.5247
2,mlp,,hinge,abstract,0.004,0.015,,2.0,0,1,4,0.9039,62.5,0.5529
3,mlp,,hinge,abstract,0.004,0.015,,2.0,0,1,8,0.8089,62.5,0.585
4,mlp,,hinge,abstract,0.004,0.015,,2.0,0,1,12,0.729,62.5,0.6152
5,mlp,,hinge,abstract,0.004,0.015,,2.0,0,1,16,0.6438,75.0,0.6547
6,mlp,,hinge,abstract,0.004,0.015,,2.0,0,2,1,1.0146,50.0,0.4933
7,mlp,,hinge,abstract,0.004,0.015,,2.0,0,2,4,1.0129,50.0,0.4941
8,mlp,,hinge,abstract,0.004,0.015,,2.0,0,2,8,1.0107,50.0,0.495
9,mlp,,hinge,abstract,0.004,0.015,,2.0,0,2,12,1.0087,50.0,0.4959
10,mlp,,hinge,abstract,0.004,0.015,,2.0,0,2,16,1.0067,50.0,0.4968
11,mlp,,hinge,abstract,0.004,0.015,,2.0,0,3,1,1.0666,50.0,0.4719
12,mlp,,hinge,abstract,0.004,0.015,,2.0,0,3,4,1.0483,50.0,0.4795
13,mlp,,hinge,abstract,0.004,0.015,,2.0,0,3,8,1.0272,50.0,0.489
14,mlp,,hinge,abstract,0.004,0.015,,2.0,0,3,12,1.0086,50.0,0.4979
15,mlp,,hinge,abstract,0.004,0.015,,2.0,0,3,16,0.9914,50.0,0.5064
16,mlp,,hinge,abstract,0.004,0.015,,2.0,0,4,1,1.0661,25.0,0.472
17,mlp,,hinge,abstract,0.004,0.015,,2.0,0,4,4,1.0388,25.0,0.4849
18,mlp,,hinge,abstract,0.004,0.015,,2.0,0,4,8,1.0052,62.5,0.5014
19,mlp,,hinge,abstract,0.004,0.015,,2.0,0,4,12,0.9723,50.0,0.5174
20,mlp,,hinge,abstract,0.004,0.015,,2.0,0,4,16,0.9377,50.0,0.5331
21,mlp,,hinge,abstract,0.004,0.015,,2.0,0,5,1,1.0348,50.0,0.4882
22,mlp,,hinge,abstract,0.004,0.015,,2.0,0,5,4,1.0024,50.0,0.5041
23,mlp,,hinge,abstract,0.004,0.015,,2.0,0,5,8,0.9592,62.5,0.5256
24,mlp,,hinge,abstract,0.004,0.015,,2.0,0,5,12,0.9141,75.0,0.5479
25,mlp,,hinge,abstract,0.004,0.015,,2.0,0,5,16,0.8648,75.0,0.5714
26,mlp,,hinge,abstract,0.004,0.015,,2.0,0,6,1,1.0,50.0,0.5002
27,mlp,,hinge,abstract,0.004,0.015,,2.0,0,6,4,1.0,50.0,0.5002
28,mlp,,hinge,abstract,0.004,0.015,,2.0,0,6,8,1.0,50.0,0.5002
29,mlp,,hinge,abstract,0.004,0.015,,2.0,0,6,12,1.0,50.0,0.5002
30,mlp,,hinge,abstract,0.004,0.015,,2.0,0,6,16,0.9999,50.0,0.5002
1,mlp,,hinge,abstract,0.004,0.015,,2.5,0,1,1,0.869,87.5,0.594
2,mlp,,hinge,abstract,0.004,0.015,,2.5,0,1,4,0.7833,100.0,0.6476
3,mlp,,hinge,abstract,0.004,0.015,,2.5,0,1,8,0.6374,100.0,0.7332
4,mlp,,hinge,abstract,0.004,0.015,,2.5,0,1,12,0.4305,100.0,0.8277
5,mlp,,hinge,abstract,0.004,0.015,,2.5,0,1,16,0.1569,100.0,0.9072
6,mlp,,hinge,abstract,0.004,0.015,,2.5,0,2,1,1.0046,75.0,0.4978
7,mlp,,hinge,abstract,0.004,0.015,,2.5,0,2,4,1.0038,75.0,0.4983
8,mlp,,hinge,abstract,0.004,0.015,,2.5,0,2,8,1.0028,75.0,0.4989
9,mlp,,hinge,abstract,0.004,0.015,,2.5,0,2,12,1.0018,75.0,0.4995
10,mlp,,hinge,abstract,0.004,0.015,,2.5,0,2,16,1.0008,75.0,0.5001
11,mlp,,hinge,abstract,0.004,0.015,,2.5,0,3,1,0.996,50.0,0.5083
12,mlp,,hinge,abstract,0.004,0.015,,2.5,0,3,4,0.966,50.0,0.5225
13,mlp,,hinge,abstract,0.004,0.015,,2.5,0,3,8,0.9238,50.0,0.5406
14,mlp,,hinge,abstract,0.004,0.015,,2.5,0,3,12,0.8764,50.0,0.558
15,mlp,,hinge,abstract,0.004,0.015,,2.5,0,3,16,0.8293,50.0,0.577
16,mlp,,hinge,abstract,0.004,0.015,,2.5,0,4,1,0.9883,50.0,0.5126
17,mlp,,hinge,abstract,0.004,0.015,,2.5,0,4,4,0.9581,50.0,0.5272
18,mlp,,hinge,abstract,0.004,0.015,,2.5,0,4,8,0.9133,50.0,0.5447
19,mlp,,hinge,abstract,0.004,0.015,,2.5,0,4,12,0.8603,50.0,0.5594
20,mlp,,hinge,abstract,0.004,0.015,,2.5,0,4,16,0.8202,50.0,0.5755
21,mlp,,hinge,abstract,0.004,0.015,,2.5,0,5,1,1.0049,50.0,0.4997
22,mlp,,hinge,abstract,0.004,0.015,,2.5,0,5,4,0.9921,62.5,0.5072
23,mlp,,hinge,abstract,0.004,0.015,,2.5,0,5,8,0.9749,50.0,0.5177
24,mlp,,hinge,abstract,0.004,0.015,,2.5,0,5,12,0.957,50.0,0.5291
25,mlp,,hinge,abstract,0.004,0.015,,2.5,0,5,16,0.9376,75.0,0.5415
26,mlp,,hinge,abstract,0.004,0.015,,2.5,0,6,1,1.0045,50.0,0.4968
27,mlp,,hinge,abstract,0.004,0.015,,2.5,0,6,4,1.0041,50.0,0.4971
28,mlp,,hinge,abstract,0.004,0.015,,2.5,0,6,8,1.0035,50.0,0.4974
29,mlp,,hinge,abstract,0.004,0.015,,2.5,0,6,12,1.003,50.0,0.4978
30,mlp,,hinge,abstract,0.004,0.015,,2.5,0,6,16,1.0024,50.0,0.4981
1,mlp,,hinge,abstract,0.006,0.015,,2.0,0,1,1,0.9881,62.5,0.5171
2,mlp,,hinge,abstract,0.006,0.015,,2.0,0,1,4,0.9182,75.0,0.5519
3,mlp,,hinge,abstract,0.006,0.015,,2.0,0,1,8,0.8161,100.0,0.6028
4,mlp,,hinge,abstract,0.006,0.015,,2.0,0,1,12,0.6888,100.0,0.6626
5,mlp,,hinge,abstract,0.006,0.015,,2.0,0,1,16,0.5163,100.0,0.732
6,mlp,,hinge,abstract,0.006,0.015,,2.0,0,2,1,0.998,50.0,0.501
7,mlp,,hinge,abstract,0.006,0.015,,2.0,0,2,4,0.997,50.0,0.5015
8,mlp,,hinge,abstract,0.006,0.015,,2.0,0,2,8,0.9956,50.0,0.5021
9,mlp,,hinge,abstract,0.006,0.015,,2.0,0,2,12,0.9942,50.0,0.5026
10,mlp,,hinge,abstract,0.006,0.015,,2.0,0,2,16,0.9929,50.0,0.5032
11,mlp,,hinge,abstract,0.006,0.015,,2.0,0,3,1,1.0288,37.5,0.4898
12,mlp,,hinge,abstract,0.006,0.015,,2.0,0,3,4,1.004,50.0,0.5021
13,mlp,,hinge,abstract,0.006,0.015,,2.0,0,3,8,0.9707,50.0,0.5184
14,mlp,,hinge,abstract,0.006,0.015,,2.0,0,3,12,0.9351,50.0,0.535
15,mlp,,hinge,abstract,0.006,0.015,,2.0,0,3,16,0.895,50.0,0.5516
16,mlp,,hinge,abstract,0.006,0.015,,2.0,0,4,1,1.019,50.0,0.4995
17,mlp,,hinge,abstract,0.006,0.015,,2.0,0,4,4,0.9716,50.0,0.5181
18,mlp,,hinge,abstract,0.006,0.015,,2.0,0,4,8,0.907,50.0,0.5403
19,mlp,,hinge,abstract,0.006,0.015,,2.0,0,4,12,0.8356,50.0,0.5605
20,mlp,,hinge,abstract,0.006,0.015,,2.0,0,4,16,0.7814,50.0,0.5839
21,mlp,,hinge,abstract,0.006,0.015,,2.0,0,5,1,0.9935,50.0,0.5064
22,mlp,,hinge,abstract,0.006,0.015,,2.0,0,5,4,0.9694,50.0,0.5174
23,mlp,,hinge,abstract,0.006,0.015,,2.0,0,5,8,0.9365,62.5,0.5335
24,mlp,,hinge,abstract,0.006,0.015,,2.0,0,5,12,0.9012,75.0,0.5519
25,mlp,,hinge,abstract,0.006,0.015,,2.0,0,5,16,0.8622,87.5,0.5725
26,mlp,,hinge,abstract,0.006,0.015,,2.0,0,6,1,1.0014,50.0,0.4993
27,mlp,,hinge,abstract,0.006,0.015,,2.0,0,6,4,1.0013,50.0,0.4994
28,mlp,,hinge,abstract,0.006,0.015,,2.0,0,6,8,1.0012,50.0,0.4994
29,mlp,,hinge,abstract,0.006,0.015,,2.0,0,6,12,1.001,50.0,0.4995
30,mlp,,hinge,abstract,0.006,0.015,,2.0,0,6,16,1.0009,37.5,0.4996
1,mlp,,hinge,abstract,0.006,0.015,,2.5,0,1,1,1.1733,50.0,0.4135
2,mlp,,hinge,abstract,0.006,0.015,,2.5,0,1,4,1.1146,50.0,0.446
3,mlp,,hinge,abstract,0.006,0.015,,2.5,0,1,8,1.0556,50.0,0.4775
4,mlp,,hinge,abstract,0.006,0.015,,2.5,0,1,12,1.0086,50.0,0.5011
5,mlp,,hinge,abstract,0.006,0.015,,2.5,0,1,16,0.9651,50.0,0.5213
6,mlp,,hinge,abstract,0.006,0.015,,2.5,0,2,1,1.0061,37.5,0.4966
7,mlp,,hinge,abstract,0.006,0.015,,2.5,0,2,4,1.0054,37.5,0.4968
8,mlp,,hinge,abstract,0.006,0.015,,2.5,0,2,8,1.0046,37.5,0.497
9,mlp,,hinge,abstract,0.006,0.015,,2.5,0,2,12,1.0038,37.5,0.4972
10,mlp,,hinge,abstract,0.006,0.015,,2.5,0,2,16,1.0031,50.0,0.4973
11,mlp,,hinge,abstract,0.006,0.015,,2.5,0,3,1,1.0027,50.0,0.5003
12,mlp,,hinge,abstract,0.006,0.015,,2.5,0,3,4,0.9915,50.0,0.5065
13,mlp,,hinge,abstract,0.006,0.015,,2.5,0,3,8,0.9764,50.0,0.5154
14,mlp,,hinge,abstract,0.006,0.015,,2.5,0,3,12,0.9596,50.0,0.5259
15,mlp,,hinge,abstract,0.006,0.015,,2.5,0,3,16,0.9398,50.0,0.5388
16,mlp,,hinge,abstract,0.006,0.015,,2.5,0,4,1,1.0956,25.0,0.4552
17,mlp,,hinge,abstract,0.006,0.015,,2.5,0,4,4,1.0323,50.0,0.493
18,mlp,,hinge,abstract,0.006,0.015,,2.5,0,4,8,0.9519,50.0,0.5366
19,mlp,,hinge,abstract,0.006,0.015,,2.5,0,4,12,0.8681,50.0,0.5715
20,mlp,,hinge,abstract,0.006,0.015,,2.5,0,4,16,0.7733,50.0,0.597
21,mlp,,hinge,abstract,0.006,0.015,,2.5,0,5,1,0.956,50.0,0.5292
22,mlp,,hinge,abstract,0.006,0.015,,2.5,0,5,4,0.9435,62.5,0.5368
23,mlp,,hinge,abstract,0.006,0.015,,2.5,0,5,8,0.9251,75.0,0.5478
24,mlp,,hinge,abstract,0.006,0.015,,2.5,0,5,12,0.9039,75.0,0.5596
25,mlp,,hinge,abstract,0.006,0.015,,2.5,0,5,16,0.879,75.0,0.5723
26,mlp,,hinge,abstract,0.006,0.015,,2.5,0,6,1,0.9999,50.0,0.4998
27,mlp,,hinge,abstract,0.006,0.015,,2.5,0,6,4,0.9998,50.0,0.4998
28,mlp,,hinge,abstract,0.006,0.015,,2.5,0,6,8,0.9998,50.0,0.4998
29,mlp,,hinge,abstract,0.006,0.015,,2.5,0,6,12,0.9997,50.0,0.4999
30,mlp,,hinge,abstract,0.006,0.015,,2.5,0,6,16,0.9997,50.0,0.4999
1,mlp,,hinge,abstract,0.008,0.015,,2.0,0,1,1,1.0319,50.0,0.4997
2,mlp,,hinge,abstract,0.008,0.015,,2.0,0,1,4,0.937,62.5,0.5444
3,mlp,,hinge,abstract,0.008,0.015,,2.0,0,1,8,0.8013,100.0,0.6131
4,mlp,,hinge,abstract,0.008,0.015,,2.0,0,1,12,0.6374,100.0,0.6888
5,mlp,,hinge,abstract,0.008,0.015,,2.0,0,1,16,0.4239,100.0,0.765
6,mlp,,hinge,abstract,0.008,0.015,,2.0,0,2,1,0.9959,50.0,0.5022
7,mlp,,hinge,abstract,0.008,0.015,,2.0,0,2,4,0.9941,50.0,0.5029
8,mlp,,hinge,abstract,0.008,0.015,,2.0,0,2,8,0.9917,50.0,0.5038
9,mlp,,hinge,abstract,0.008,0.015,,2.0,0,2,12,0.989,50.0,0.5048
10,mlp,,hinge,abstract,0.008,0.015,,2.0,0,2,16,0.9861,50.0,0.506
11,mlp,,hinge,abstract,0.008,0.015,,2.0,0,3,1,1.0671,37.5,0.4702
12,mlp,,hinge,abstract,0.008,0.015,,2.0,0,3,4,1.0481,25.0,0.479
13,mlp,,hinge,abstract,0.008,0.015,,2.0,0,3,8,1.0254,25.0,0.49
14,mlp,,hinge,abstract,0.008,0.015,,2.0,0,3,12,1.0043,50.0,0.5004
15,mlp,,hinge,abstract,0.008,0.015,,2.0,0,3,16,0.9836,50.0,0.5105
16,mlp,,hinge,abstract,0.008,0.015,,2.0,0,4,1,0.9737,50.0,0.5251
17,mlp,,hinge,abstract,0.008,0.015,,2.0,0,4,4,0.8919,50.0,0.5593
18,mlp,,hinge,abstract,0.008,0.015,,2.0,0,4,8,0.7727,62.5,0.5971
19,mlp,,hinge,abstract,0.008,0.015,,2.0,0,4,12,0.6936,62.5,0.6297
20,mlp,,hinge,abstract,0.008,0.015,,2.0,0,4,16,0.6202,75.0,0.6661
21,mlp,,hinge,abstract,0.008,0.015,,2.0,0,5,1,0.9964,50.0,0.5047
22,mlp,,hinge,abstract,0.008,0.015,,2.0,0,5,4,0.9781,50.0,0.514
23,mlp,,hinge,abstract,0.008,0.015,,2.0,0,5,8,0.9531,75.0,0.5267
24,mlp,,hinge,abstract,0.008,0.015,,2.0,0,5,12,0.9265,75.0,0.54
25,mlp,,hinge,abstract,0.008,0.015,,2.0,0,5,16,0.8974,75.0,0.5541
26,mlp,,hinge,abstract,0.008,0.015,,2.0,0,6,1,0.9996,50.0,0.5002
27,mlp,,hinge,abstract,0.008,0.015,,2.0,0,6,4,0.9995,50.0,0.5003
28,mlp,,hinge,abstract,0.008,0.015,,2.0,0,6,8,0.9994,50.0,0.5003
29,mlp,,hinge,abstract,0.008,0.015,,2.0,0,6,12,0.9993,50.0,0.5004
30,mlp,,hinge,abstract,0.008,0.015,,2.0,0,6,16,0.9992,50.0,0.5004
1,mlp,,hinge,abstract,0.008,0.015,,2.5,0,1,1,1.0176,50.0,0.5018
2,mlp,,hinge,abstract,0.008,0.015,,2.5,0,1,4,0.9525,50.0,0.5399
3,mlp,,hinge,abstract,0.008,0.015,,2.5,0,1,8,0.8559,75.0,0.6022
4,mlp,,hinge,abstract,0.008,0.015,,2.5,0,1,12,0.732,100.0,0.6814
5,mlp,,hinge,abstract,0.008,0.015,,2.5,0,1,16,0.5608,100.0,0.7696
6,mlp,,hinge,abstract,0.008,0.015,,2.5,0,2,1,1.0118,50.0,0.4934
7,mlp,,hinge,abstract,0.008,0.015,,2.5,0,2,4,1.0107,50.0,0.494
8,mlp,,hinge,abstract,0.008,0.015,,2.5,0,2,8,1.0093,50.0,0.4946
9,mlp,,hinge,abstract,0.008,0.015,,2.5,0,2,12,1.0081,50.0,0.4952
10,mlp,,hinge,abstract,0.008,0.015,,2.5,0,2,16,1.0069,50.0,0.4958
11,mlp,,hinge,abstract,0.008,0.015,,2.5,0,3,1,1.0122,50.0,0.4974
12,mlp,,hinge,abstract,0.008,0.015,,2.5,0,3,4,0.9994,50.0,0.504
13,mlp,,hinge,abstract,0.008,0.015,,2.5,0,3,8,0.9828,50.0,0.5135
14,mlp,,hinge,abstract,0.008,0.015,,2.5,0,3,12,0.9659,62.5,0.5238
15,mlp,,hinge,abstract,0.008,0.015,,2.5,0,3,16,0.9475,75.0,0.5353
16,mlp,,hinge,abstract,0.008,0.015,,2.5,0,4,1,0.9634,50.0,0.5315
17,mlp,,hinge,abstract,0.008,0.015,,2.5,0,4,4,0.9179,75.0,0.5568
18,mlp,,hinge,abstract,0.008,0.015,,2.5,0,4,8,0.8539,62.5,0.5872
19,mlp,,hinge,abstract,0.008,0.015,,2.5,0,4,12,0.7812,62.5,0.6142
20,mlp,,hinge,abstract,0.008,0.015,,2.5,0,4,16,0.7021,62.5,0.6406
21,mlp,,hinge,abstract,0.008,0.015,,2.5,0,5,1,1.0242,50.0,0.488
22,mlp,,hinge,abstract,0.008,0.015,,2.5,0,5,4,1.0124,50.0,0.4949
23,mlp,,hinge,abstract,0.008,0.015,,2.5,0,5,8,0.9969,50.0,0.5042
24,mlp,,hinge,abstract,0.008,0.015,,2.5,0,5,12,0.9811,50.0,0.5139
25,mlp,,hinge,abstract,0.008,0.015,,2.5,0,5,16,0.9645,75.0,0.5244
26,mlp,,hinge,abstract,0.008,0.015,,2.5,0,6,1,0.9928,50.0,0.5046
27,mlp,,hinge,abstract,0.008,0.015,,2.5,0,6,4,0.9925,50.0,0.5048
28,mlp,,hinge,abstract,0.008,0.015,,2.5,0,6,8,0.9921,50.0,0.5051
29,mlp,,hinge,abstract,0.008,0.015,,2.5,0,6,12,0.9916,50.0,0.5053
30,mlp,,hinge,abstract,0.008,0.015,,2.5,0,6,16,0.9912,50.0,0.5057
1,mlp,,hinge,abstract,0.002,0.025,,2.0,0,1,1,1.1011,37.5,0.4714
2,mlp,,hinge,abstract,0.002,0.025,,2.0,0,1,4,0.9795,75.0,0.5289
3,mlp,,hinge,abstract,0.002,0.025,,2.0,0,1,8,0.8211,62.5,0.6026
4,mlp,,hinge,abstract,0.002,0.025,,2.0,0,1,12,0.609,75.0,0.6782
5,mlp,,hinge,abstract,0.002,0.025,,2.0,0,1,16,0.3723,100.0,0.7996
6,mlp,,hinge,abstract,0.002,0.025,,2.0,0,2,1,1.003,62.5,0.4997
7,mlp,,hinge,abstract,0.002,0.025,,2.0,0,2,4,1.001,62.5,0.5006
8,mlp,,hinge,abstract,0.002,0.025,,2.0,0,2,8,0.9982,50.0,0.5019
9,mlp,,hinge,abstract,0.002,0.025,,2.0,0,2,12,0.9954,50.0,0.5032
10,mlp,,hinge,abstract,0.002,0.025,,2.0,0,2,16,0.9924,50.0,0.5047
11,mlp,,hinge,abstract,0.002,0.025,,2.0,0,3,1,1.0654,50.0,0.4751
12,mlp,,hinge,abstract,0.002,0.025,,2.0,0,3,4,1.0255,50.0,0.4939
13,mlp,,hinge,abstract,0.002,0.025,,2.0,0,3,8,0.9763,50.0,0.5162
14,mlp,,hinge,abstract,0.002,0.025,,2.0,0,3,12,0.9233,50.0,0.5376
15,mlp,,hinge,abstract,0.002,0.025,,2.0,0,3,16,0.857,50.0,0.5586
16,mlp,,hinge,abstract,0.002,0.025,,2.0,0,4,1,1.0289,50.0,0.5039
17,mlp,,hinge,abstract,0.002,0.025,,2.0,0,4,4,0.92,50.0,0.547
18,mlp,,hinge,abstract,0.002,0.025,,2.0,0,4,8,0.7968,50.0,0.5842
19,mlp,,hinge,abstract,0.002,0.025,,2.0,0,4,12,0.7114,62.5,0.6224
20,mlp,,hinge,abstract,0.002,0.025,,2.0,0,4,16,0.6199,75.0,0.6691
21,mlp,,hinge,abstract,0.002,0.025,,2.0,0,5,1,1.0464,50.0,0.4865
22,mlp,,hinge,abstract,0.002,0.025,,2.0,0,5,4,1.006,50.0,0.5031
23,mlp,,hinge,abstract,0.002,0.025,,2.0,0,5,8,0.9526,50.0,0.5246
24,mlp,,hinge,abstract,0.002,0.025,,2.0,0,5,12,0.8932,50.0,0.5471
25,mlp,,hinge,abstract,0.002,0.025,,2.0,0,5,16,0.83,50.0,0.5753
26,mlp,,hinge,abstract,0.002,0.025,,2.0,0,6,1,1.0021,50.0,0.4992
27,mlp,,hinge,abstract,0.002,0.025,,2.0,0,6,4,1.0019,50.0,0.4993
28,mlp,,hinge,abstract,0.002,0.025,,2.0,0,6,8,1.0016,50.0,0.4995
29,mlp,,hinge,abstract,0.002,0.025,,2.0,0,6,12,1.0014,50.0,0.4996
30,mlp,,hinge,abstract,0.002,0.025,,2.0,0,6,16,1.0012,50.0,0.4997
1,mlp,,hinge,abstract,0.002,0.025,,2.5,0,1,1,0.9586,50.0,0.5374
2,mlp,,hinge,abstract,0.002,0.025,,2.5,0,1,4,0.8385,50.0,0.6028
3,mlp,,hinge,abstract,0.002,0.025,,2.5,0,1,8,0.6201,87.5,0.7289
4,mlp,,hinge,abstract,0.002,0.025,,2.5,0,1,12,0.2747,100.0,0.8875
5,mlp,,hinge,abstract,0.002,0.025,,2.5,0,1,16,0.0771,100.0,0.9397
6,mlp,,hinge,abstract,0.002,0.025,,2.5,0,2,1,1.0003,50.0,0.505
7,mlp,,hinge,abstract,0.002,0.025,,2.5,0,2,4,0.9996,50.0,0.5055
8,mlp,,hinge,abstract,0.002,0.025,,2.5,0,2,8,0.9986,50.0,0.5062
9,mlp,,hinge,abstract,0.002,0.025,,2.5,0,2,12,0.9976,50.0,0.507
10,mlp,,hinge,abstract,0.002,0.025,,2.5,0,2,16,0.9966,50.0,0.5078
11,mlp,,hinge,abstract,0.002,0.025,,2.5,0,3,1,0.9474,50.0,0.5363
12,mlp,,hinge,abstract,0.002,0.025,,2.5,0,3,4,0.9038,75.0,0.5661
13,mlp,,hinge,abstract,0.002,0.025,,2.5,0,3,8,0.8297,87.5,0.6129
14,mlp,,hinge,abstract,0.002,0.025,,2.5,0,3,12,0.7255,75.0,0.6538
15,mlp,,hinge,abstract,0.002,0.025,,2.5,0,3,16,0.6265,62.5,0.6896
16,mlp,,hinge,abstract,0.002,0.025,,2.5,0,4,1,1.0226,62.5,0.4943
17,mlp,,hinge,abstract,0.002,0.025,,2.5,0,4,4,0.9853,50.0,0.5149
18,mlp,,hinge,abstract,0.002,0.025,,2.5,0,4,8,0.9296,50.0,0.5388
19,mlp,,hinge,abstract,0.002,0.025,,2.5,0,4,12,0.8555,50.0,0.5568
20,mlp,,hinge,abstract,0.002,0.025,,2.5,0,4,16,0.7921,50.0,0.5834
21,mlp,,hinge,abstract,0.002,0.025,,2.5,0,5,1,1.0183,50.0,0.4961
22,mlp,,hinge,abstract,0.002,0.025,,2.5,0,5,4,0.9835,50.0,0.5162
23,mlp,,hinge,abstract,0.002,0.025,,2.5,0,5,8,0.9352,50.0,0.5429
24,mlp,,hinge,abstract,0.002,0.025,,2.5,0,5,12,0.8789,50.0,0.5705
25,mlp,,hinge,abstract,0.002,0.025,,2.5,0,5,16,0.8081,62.5,0.5986
26,mlp,,hinge,abstract,0.002,0.025,,2.5,0,6,1,0.9943,50.0,0.5037
27,mlp,,hinge,abstract,0.002,0.025,,2.5,0,6,4,0.9939,50.0,0.5039
28,mlp,,hinge,abstract,0.002,0.025,,2.5,0,6,8,0.9932,62.5,0.5043
29,mlp,,hinge,abstract,0.002,0.025,,2.5,0,6,12,0.9926,62.5,0.5048
30,mlp,,hinge,abstract,0.002,0.025,,2.5,0,6,16,0.9918,62.5,0.5053
1,mlp,,hinge,abstract,0.004,0.025,,2.0,0,1,1,1.0284,50.0,0.5047
2,mlp,,hinge,abstract,0.004,0.025,,2.0,0,1,4,0.9123,50.0,0.5598
3,mlp,,hinge,abstract,0.004,0.025,,2.0,0,1,8,0.7222,50.0,0.6335
4,mlp,,hinge,abstract,0.004,0.025,,2.0,0,1,12,0.4825,100.0,0.7373
5,mlp,,hinge,abstract,0.004,0.025,,2.0,0,1,16,0.1763,100.0,0.8637
6,mlp,,hinge,abstract,0.004,0.025,,2.0,0,2,1,0.9979,62.5,0.5017
7,mlp,,hinge,abstract,0.004,0.025,,2.0,0,2,4,0.9968,62.5,0.5024
8,mlp,,hinge,abstract,0.004,0.025,,2.0,0,2,8,0.995,62.5,0.5034
9,mlp,,hinge,abstract,0.004,0.025,,2.0,0,2,12,0.993,62.5,0.5046
10,mlp,,hinge,abstract,0.004,0.025,,2.0,0,2,16,0.9905,62.5,0.506
11,mlp,,hinge,abstract,0.004,0.025,,2.0,0,3,1,0.9136,87.5,0.5547
12,mlp,,hinge,abstract,0.004,0.025,,2.0,0,3,4,0.8344,87.5,0.5919
13,mlp,,hinge,abstract,0.004,0.025,,2.0,0,3,8,0.7033,75.0,0.6411
14,mlp,,hinge,abstract,0.004,0.025,,2.0,0,3,12,0.5916,87.5,0.6798
15,mlp,,hinge,abstract,0.004,0.025,,2.0,0,3,16,0.5074,75.0,0.6987
16,mlp,,hinge,abstract,0.004,0.025,,2.0,0,4,1,1.0568,50.0,0.4933
17,mlp,,hinge,abstract,0.004,0.025,,2.0,0,4,4,0.9381,50.0,0.5374
18,mlp,,hinge,abstract,0.004,0.025,,2.0,0,4,8,0.8122,50.0,0.5781
19,mlp,,hinge,abstract,0.004,0.025,,2.0,0,4,12,0.7094,75.0,0.6272
20,mlp,,hinge,abstract,0.004,0.025,,2.0,0,4,16,0.5953,75.0,0.6826
21,mlp,,hinge,abstract,0.004,0.025,,2.0,0,5,1,0.9998,50.0,0.5038
22,mlp,,hinge,abstract,0.004,0.025,,2.0,0,5,4,0.9707,50.0,0.5159
23,mlp,,hinge,abstract,0.004,0.025,,2.0,0,5,8,0.9281,62.5,0.5352
24,mlp,,hinge,abstract,0.004,0.025,,2.0,0,5,12,0.8759,50.0,0.5607
25,mlp,,hinge,abstract,0.004,0.025,,2.0,0,5,16,0.8072,75.0,0.595
26,mlp,,hinge,abstract,0.004,0.025,,2.0,0,6,1,0.9999,25.0,0.4998
27,mlp,,hinge,abstract,0.004,0.025,,2.0,0,6,4,0.9998,25.0,0.4998
28,mlp,,hinge,abstract,0.004,0.025,,2.0,0,6,8,0.9996,25.0,0.4999
29,mlp,,hinge,abstract,0.004,0.025,,2.0,0,6,12,0.9994,25.0,0.5
30,mlp,,hinge,abstract,0.004,0.025,,2.0,0,6,16,0.9992,25.0,0.5001
1,mlp,,hinge,abstract,0.004,0.025,,2.5,0,1,1,0.9763,62.5,0.531
2,mlp,,hinge,abstract,0.004,0.025,,2.5,0,1,4,0.8794,87.5,0.5925
3,mlp,,hinge,abstract,0.004,0.025,,2.5,0,1,8,0.702,100.0,0.7034
4,mlp,,hinge,abstract,0.004,0.025,,2.5,0,1,12,0.4086,100.0,0.8357
5,mlp,,hinge,abstract,0.004,0.025,,2.5,0,1,16,0.0868,100.0,0.9298
6,mlp,,hinge,abstract,0.004,0.025,,2.5,0,2,1,1.0102,50.0,0.4934
7,mlp,,hinge,abstract,0.004,0.025,,2.5,0,2,4,1.0082,50.0,0.4944
8,mlp,,hinge,abstract,0.004,0.025,,2.5,0,2,8,1.0057,50.0,0.4957
9,mlp,,hinge,abstract,0.004,0.025,,2.5,0,2,12,1.0032,50.0,0.497
10,mlp,,hinge,abstract,0.004,0.025,,2.5,0,2,16,1.0009,50.0,0.4984
11,mlp,,hinge,abstract,0.004,0.025,,2.5,0,3,1,0.9561,75.0,0.5428
12,mlp,,hinge,abstract,0.004,0.025,,2.5,0,3,4,0.8739,62.5,0.5838
13,mlp,,hinge,abstract,0.004,0.025,,2.5,0,3,8,0.7579,62.5,0.6183
14,mlp,,hinge,abstract,0.004,0.025,,2.5,0,3,12,0.6823,75.0,0.6611
15,mlp,,hinge,abstract,0.004,0.025,,2.5,0,3,16,0.599,75.0,0.6987
16,mlp,,hinge,abstract,0.004,0.025,,2.5,0,4,1,1.0778,12.5,0.4711
17,mlp,,hinge,abstract,0.004,0.025,,2.5,0,4,4,0.9871,62.5,0.5255
18,mlp,,hinge,abstract,0.004,0.025,,2.5,0,4,8,0.8698,75.0,0.5889
19,mlp,,hinge,abstract,0.004,0.025,,2.5,0,4,12,0.7317,75.0,0.6397
20,mlp,,hinge,abstract,0.004,0.025,,2.5,0,4,16,0.6173,75.0,0.6981
21,mlp,,hinge,abstract,0.004,0.025,,2.5,0,5,1,1.0075,50.0,0.5004
22,mlp,,hinge,abstract,0.004,0.025,,2.5,0,5,4,0.9818,50.0,0.5154
23,mlp,,hinge,abstract,0.004,0.025,,2.5,0,5,8,0.9436,62.5,0.5401
24,mlp,,hinge,abstract,0.004,0.025,,2.5,0,5,12,0.8976,87.5,0.5705
25,mlp,,hinge,abstract,0.004,0.025,,2.5,0,5,16,0.84,87.5,0.6042
26,mlp,,hinge,abstract,0.004,0.025,,2.5,0,6,1,1.0023,25.0,0.4914
27,mlp,,hinge,abstract,0.004,0.025,,2.5,0,6,4,1.0021,25.0,0.4917
28,mlp,,hinge,abstract,0.004,0.025,,2.5,0,6,8,1.0019,25.0,0.492
29,mlp,,hinge,abstract,0.004,0.025,,2.5,0,6,12,1.0016,25.0,0.4923
30,mlp,,hinge,abstract,0.004,0.025,,2.5,0,6,16,1.0014,25.0,0.4926
1,mlp,,hinge,abstract,0.006,0.025,,2.0,0,1,1,1.002,62.5,0.5132
2,mlp,,hinge,abstract,0.006,0.025,,2.0,0,1,4,0.9158,100.0,0.5569
3,mlp,,hinge,abstract,0.006,0.025,,2.0,0,1,8,0.7737,87.5,0.6283
4,mlp,,hinge,abstract,0.006,0.025,,2.0,0,1,12,0.5352,87.5,0.7217
5,mlp,,hinge,abstract,0.006,0.025,,2.0,0,1,16,0.232,100.0,0.8512
6,mlp,,hinge,abstract,0.006,0.025,,2.0,0,2,1,0.9899,50.0,0.5057
7,mlp,,hinge,abstract,0.006,0.025,,2.0,0,2,4,0.9865,50.0,0.5072
8,mlp,,hinge,abstract,0.006,0.025,,2.0,0,2,8,0.9815,50.0,0.5094
9,mlp,,hinge,abstract,0.006,0.025,,2.0,0,2,12,0.976,50.0,0.5118
10,mlp,,hinge,abstract,0.006,0.025,,2.0,0,2,16,0.9696,50.0,0.5146
11,mlp,,hinge,abstract,0.006,0.025,,2.0,0,3,1,0.9585,75.0,0.5341
12,mlp,,hinge,abstract,0.006,0.025,,2.0,0,3,4,0.8726,75.0,0.5741
13,mlp,,hinge,abstract,0.006,0.025,,2.0,0,3,8,0.7402,75.0,0.6256
14,mlp,,hinge,abstract,0.006,0.025,,2.0,0,3,12,0.6179,75.0,0.6703
15,mlp,,hinge,abstract,0.006,0.025,,2.0,0,3,16,0.5038,75.0,0.6968
16,mlp,,hinge,abstract,0.006,0.025,,2.0,0,4,1,0.9531,50.0,0.5323
17,mlp,,hinge,abstract,0.006,0.025,,2.0,0,4,4,0.8866,50.0,0.5576
18,mlp,,hinge,abstract,0.006,0.025,,2.0,0,4,8,0.7885,50.0,0.5838
19,mlp,,hinge,abstract,0.006,0.025,,2.0,0,4,12,0.7179,62.5,0.6184
20,mlp,,hinge,abstract,0.006,0.025,,2.0,0,4,16,0.6351,75.0,0.6633
21,mlp,,hinge,abstract,0.006,0.025,,2.0,0,5,1,0.9573,50.0,0.5189
22,mlp,,hinge,abstract,0.006,0.025,,2.0,0,5,4,0.9233,50.0,0.5277
23,mlp,,hinge,abstract,0.006,0.025,,2.0,0,5,8,0.8878,50.0,0.5396
24,mlp,,hinge,abstract,0.006,0.025,,2.0,0,5,12,0.8638,50.0,0.5563
25,mlp,,hinge,abstract,0.006,0.025,,2.0,0,5,16,0.8074,50.0,0.5724
26,mlp,,hinge,abstract,0.006,0.025,,2.0,0,6,1,0.9992,37.5,0.5004
27,mlp,,hinge,abstract,0.006,0.025,,2.0,0,6,4,0.9991,37.5,0.5005
28,mlp,,hinge,abstract,0.006,0.025,,2.0,0,6,8,0.9988,37.5,0.5006
29,mlp,,hinge,abstract,0.006,0.025,,2.0,0,6,12,0.9986,37.5,0.5007
30,mlp,,hinge,abstract,0.006,0.025,,2.0,0,6,16,0.9984,50.0,0.5008
1,mlp,,hinge,abstract,0.006,0.025,,2.5,0,1,1,0.9266,100.0,0.5761
2,mlp,,hinge,abstract,0.006,0.025,,2.5,0,1,4,0.7659,100.0,0.6708
3,mlp,,hinge,abstract,0.006,0.025,,2.5,0,1,8,0.4532,100.0,0.7754
4,mlp,,hinge,abstract,0.006,0.025,,2.5,0,1,12,0.1664,100.0,0.9128
5,mlp,,hinge,abstract,0.006,0.025,,2.5,0,1,16,0.0127,100.0,0.945
6,mlp,,hinge,abstract,0.006,0.025,,2.5,0,2,1,1.0116,50.0,0.4943
7,mlp,,hinge,abstract,0.006,0.025,,2.5,0,2,4,1.0087,50.0,0.4958
8,mlp,,hinge,abstract,0.006,0.025,,2.5,0,2,8,1.005,50.0,0.4977
9,mlp,,hinge,abstract,0.006,0.025,,2.5,0,2,12,1.0012,37.5,0.4997
10,mlp,,hinge,abstract,0.006,0.025,,2.5,0,2,16,0.9972,37.5,0.5018
11,mlp,,hinge,abstract,0.006,0.025,,2.5,0,3,1,1.0417,50.0,0.4851
12,mlp,,hinge,abstract,0.006,0.025,,2.5,0,3,4,0.9901,75.0,0.5166
13,mlp,,hinge,abstract,0.006,0.025,,2.5,0,3,8,0.9213,75.0,0.5592
14,mlp,,hinge,abstract,0.006,0.025,,2.5,0,3,12,0.8405,75.0,0.6037
15,mlp,,hinge,abstract,0.006,0.025,,2.5,0,3,16,0.7315,75.0,0.6495
16,mlp,,hinge,abstract,0.006,0.025,,2.5,0,4,1,1.0832,37.5,0.4747
17,mlp,,hinge,abstract,0.006,0.025,,2.5,0,4,4,0.9609,50.0,0.5414
18,mlp,,hinge,abstract,0.006,0.025,,2.5,0,4,8,0.801,50.0,0.5884
19,mlp,,hinge,abstract,0.006,0.025,,2.5,0,4,12,0.7103,62.5,0.6385
20,mlp,,hinge,abstract,0.006,0.025,,2.5,0,4,16,0.6137,75.0,0.6909
21,mlp,,hinge,abstract,0.006,0.025,,2.5,0,5,1,0.9987,62.5,0.5084
22,mlp,,hinge,abstract,0.006,0.025,,2.5,0,5,4,0.9615,87.5,0.5325
23,mlp,,hinge,abstract,0.006,0.025,,2.5,0,5,8,0.9059,87.5,0.5686
24,mlp,,hinge,abstract,0.006,0.025,,2.5,0,5,12,0.8373,87.5,0.6099
25,mlp,,hinge,abstract,0.006,0.025,,2.5,0,5,16,0.7496,87.5,0.6526
26,mlp,,hinge,abstract,0.006,0.025,,2.5,0,6,1,1.0091,50.0,0.4945
27,mlp,,hinge,abstract,0.006,0.025,,2.5,0,6,4,1.0084,50.0,0.4951
28,mlp,,hinge,abstract,0.006,0.025,,2.5,0,6,8,1.0075,50.0,0.4957
29,mlp,,hinge,abstract,0.006,0.025,,2.5,0,6,12,1.0067,50.0,0.4963
30,mlp,,hinge,abstract,0.006,0.025,,2.5,0,6,16,1.006,50.0,0.4968
1,mlp,,hinge,abstract,0.008,0.025,,2.0,0,1,1,1.0326,62.5,0.5055
2,mlp,,hinge,abstract,0.008,0.025,,2.0,0,1,4,0.8974,75.0,0.5726
3,mlp,,hinge,abstract,0.008,0.025,,2.0,0,1,8,0.6627,75.0,0.6608
4,mlp,,hinge,abstract,0.008,0.025,,2.0,0,1,12,0.4425,100.0,0.7642
5,mlp,,hinge,abstract,0.008,0.025,,2.0,0,1,16,0.1943,100.0,0.8529
6,mlp,,hinge,abstract,0.008,0.025,,2.0,0,2,1,1.001,50.0,0.5006
7,mlp,,hinge,abstract,0.008,0.025,,2.0,0,2,4,1.0,50.0,0.5014
8,mlp,,hinge,abstract,0.008,0.025,,2.0,0,2,8,0.9985,50.0,0.5025
9,mlp,,hinge,abstract,0.008,0.025,,2.0,0,2,12,0.9968,62.5,0.5039
10,mlp,,hinge,abstract,0.008,0.025,,2.0,0,2,16,0.9947,75.0,0.5055
11,mlp,,hinge,abstract,0.008,0.025,,2.0,0,3,1,1.0173,50.0,0.4993
12,mlp,,hinge,abstract,0.008,0.025,,2.0,0,3,4,0.9631,50.0,0.5224
13,mlp,,hinge,abstract,0.008,0.025,,2.0,0,3,8,0.8892,50.0,0.55
14,mlp,,hinge,abstract,0.008,0.025,,2.0,0,3,12,0.8068,50.0,0.5785
15,mlp,,hinge,abstract,0.008,0.025,,2.0,0,3,16,0.7366,75.0,0.6157
16,mlp,,hinge,abstract,0.008,0.025,,2.0,0,4,1,1.1269,25.0,0.4608
17,mlp,,hinge,abstract,0.008,0.025,,2.0,0,4,4,0.9875,50.0,0.5264
18,mlp,,hinge,abstract,0.008,0.025,,2.0,0,4,8,0.7988,50.0,0.589
19,mlp,,hinge,abstract,0.008,0.025,,2.0,0,4,12,0.6827,62.5,0.6401
20,mlp,,hinge,abstract,0.008,0.025,,2.0,0,4,16,0.5605,75.0,0.7001
21,mlp,,hinge,abstract,0.008,0.025,,2.0,0,5,1,0.9504,62.5,0.5262
22,mlp,,hinge,abstract,0.008,0.025,,2.0,0,5,4,0.9204,50.0,0.5397
23,mlp,,hinge,abstract,0.008,0.025,,2.0,0,5,8,0.8711,62.5,0.5612
24,mlp,,hinge,abstract,0.008,0.025,,2.0,0,5,12,0.8062,62.5,0.5877
25,mlp,,hinge,abstract,0.008,0.025,,2.0,0,5,16,0.7199,75.0,0.6191
26,mlp,,hinge,abstract,0.008,0.025,,2.0,0,6,1,0.9998,50.0,0.4998
27,mlp,,hinge,abstract,0.008,0.025,,2.0,0,6,4,0.9997,50.0,0.4999
28,mlp,,hinge,abstract,0.008,0.025,,2.0,0,6,8,0.9996,50.0,0.5
29,mlp,,hinge,abstract,0.008,0.025,,2.0,0,6,12,0.9994,50.0,0.5
30,mlp,,hinge,abstract,0.008,0.025,,2.0,0,6,16,0.9992,50.0,0.5001
1,mlp,,hinge,abstract,0.008,0.025,,2.5,0,1,1,1.1406,25.0,0.4412
2,mlp,,hinge,abstract,0.008,0.025,,2.5,0,1,4,1.023,50.0,0.5071
3,mlp,,hinge,abstract,0.008,0.025,,2.5,0,1,8,0.8805,87.5,0.593
4,mlp,,hinge,abstract,0.008,0.025,,2.5,0,1,12,0.6866,87.5,0.7034
5,mlp,,hinge,abstract,0.008,0.025,,2.5,0,1,16,0.3712,100.0,0.8319
6,mlp,,hinge,abstract,0.008,0.025,,2.5,0,2,1,1.0146,25.0,0.4893
7,mlp,,hinge,abstract,0.008,0.025,,2.5,0,2,4,1.0117,25.0,0.4916
8,mlp,,hinge,abstract,0.008,0.025,,2.5,0,2,8,1.0084,25.0,0.4943
9,mlp,,hinge,abstract,0.008,0.025,,2.5,0,2,12,1.0055,25.0,0.4966
10,mlp,,hinge,abstract,0.008,0.025,,2.5,0,2,16,1.0028,50.0,0.4985
11,mlp,,hinge,abstract,0.008,0.025,,2.5,0,3,1,0.976,50.0,0.5319
12,mlp,,hinge,abstract,0.008,0.025,,2.5,0,3,4,0.8873,75.0,0.5783
13,mlp,,hinge,abstract,0.008,0.025,,2.5,0,3,8,0.7487,75.0,0.626
14,mlp,,hinge,abstract,0.008,0.025,,2.5,0,3,12,0.6492,75.0,0.6779
15,mlp,,hinge,abstract,0.008,0.025,,2.5,0,3,16,0.5447,75.0,0.7132
16,mlp,,hinge,abstract,0.008,0.025,,2.5,0,4,1,0.9743,50.0,0.5172
17,mlp,,hinge,abstract,0.008,0.025,,2.5,0,4,4,0.9328,50.0,0.5319
18,mlp,,hinge,abstract,0.008,0.025,,2.5,0,4,8,0.8676,50.0,0.5482
19,mlp,,hinge,abstract,0.008,0.025,,2.5,0,4,12,0.8112,50.0,0.5754
20,mlp,,hinge,abstract,0.008,0.025,,2.5,0,4,16,0.7432,62.5,0.618
21,mlp,,hinge,abstract,0.008,0.025,,2.5,0,5,1,1.0438,50.0,0.483
22,mlp,,hinge,abstract,0.008,0.025,,2.5,0,5,4,1.0084,50.0,0.5015
23,mlp,,hinge,abstract,0.008,0.025,,2.5,0,5,8,0.9632,50.0,0.5253
24,mlp,,hinge,abstract,0.008,0.025,,2.5,0,5,12,0.9144,50.0,0.5505
25,mlp,,hinge,abstract,0.008,0.025,,2.5,0,5,16,0.8549,62.5,0.5784
26,mlp,,hinge,abstract,0.008,0.025,,2.5,0,6,1,0.9964,50.0,0.5012
27,mlp,,hinge,abstract,0.008,0.025,,2.5,0,6,4,0.9962,50.0,0.5013
28,mlp,,hinge,abstract,0.008,0.025,,2.5,0,6,8,0.9959,50.0,0.5014
29,mlp,,hinge,abstract,0.008,0.025,,2.5,0,6,12,0.9956,50.0,0.5015
30,mlp,,hinge,abstract,0.008,0.025,,2.5,0,6,16,0.9953,50.0,0.5016
1,mlp,,hinge,abstract,0.002,0.035,,2.0,0,1,1,1.017,75.0,0.5144
2,mlp,,hinge,abstract,0.002,0.035,,2.0,0,1,4,0.8764,100.0,0.5865
3,mlp,,hinge,abstract,0.002,0.035,,2.0,0,1,8,0.6087,100.0,0.707
4,mlp,,hinge,abstract,0.002,0.035,,2.0,0,1,12,0.1975,100.0,0.8655
5,mlp,,hinge,abstract,0.002,0.035,,2.0,0,1,16,0.0248,100.0,0.9317
6,mlp,,hinge,abstract,0.002,0.035,,2.0,0,2,1,0.99,50.0,0.5055
7,mlp,,hinge,abstract,0.002,0.035,,2.0,0,2,4,0.9882,50.0,0.5065
8,mlp,,hinge,abstract,0.002,0.035,,2.0,0,2,8,0.9852,50.0,0.5081
9,mlp,,hinge,abstract,0.002,0.035,,2.0,0,2,12,0.9813,50.0,0.5101
10,mlp,,hinge,abstract,0.002,0.035,,2.0,0,2,16,0.9763,50.0,0.5127
11,mlp,,hinge,abstract,0.002,0.035,,2.0,0,3,1,0.9905,50.0,0.515
12,mlp,,hinge,abstract,0.002,0.035,,2.0,0,3,4,0.9237,50.0,0.5452
13,mlp,,hinge,abstract,0.002,0.035,,2.0,0,3,8,0.8109,62.5,0.587
14,mlp,,hinge,abstract,0.002,0.035,,2.0,0,3,12,0.718,87.5,0.6377
15,mlp,,hinge,abstract,0.002,0.035,,2.0,0,3,16,0.5911,87.5,0.6869
16,mlp,,hinge,abstract,0.002,0.035,,2.0,0,4,1,0.9556,50.0,0.5394
17,mlp,,hinge,abstract,0.002,0.035,,2.0,0,4,4,0.8207,50.0,0.5804
18,mlp,,hinge,abstract,0.002,0.035,,2.0,0,4,8,0.6795,62.5,0.6433
19,mlp,,hinge,abstract,0.002,0.035,,2.0,0,4,12,0.5132,87.5,0.7267
20,mlp,,hinge,abstract,0.002,0.035,,2.0,0,4,16,0.353,100.0,0.7961
21,mlp,,hinge,abstract,0.002,0.035,,2.0,0,5,1,0.9799,50.0,0.5147
22,mlp,,hinge,abstract,0.002,0.035,,2.0,0,5,4,0.944,50.0,0.5325
23,mlp,,hinge,abstract,0.002,0.035,,2.0,0,5,8,0.8868,75.0,0.561
24,mlp,,hinge,abstract,0.002,0.035,,2.0,0,5,12,0.8079,75.0,0.5958
25,mlp,,hinge,abstract,0.002,0.035,,2.0,0,5,16,0.7088,75.0,0.6313
26,mlp,,hinge,abstract,0.002,0.035,,2.0,0,6,1,1.0019,50.0,0.4992
27,mlp,,hinge,abstract,0.002,0.035,,2.0,0,6,4,1.0017,50.0,0.4993
28,mlp,,hinge,abstract,0.002,0.035,,2.0,0,6,8,1.0015,50.0,0.4994
29,mlp,,hinge,abstract,0.002,0.035,,2.0,0,6,12,1.0013,50.0,0.4995
30,mlp,,hinge,abstract,0.002,0.035,,2.0,0,6,16,1.0011,50.0,0.4995
1,mlp,,hinge,abstract,0.002,0.035,,2.5,0,1,1,1.013,50.0,0.5327
2,mlp,,hinge,abstract,0.002,0.035,,2.5,0,1,4,0.7996,75.0,0.6469
3,mlp,,hinge,abstract,0.002,0.035,,2.5,0,1,8,0.4313,100.0,0.8294
4,mlp,,hinge,abstract,0.002,0.035,,2.5,0,1,12,0.04,100.0,0.9456
5,mlp,,hinge,abstract,0.002,0.035,,2.5,0,1,16,0.0,100.0,0.9491
6,mlp,,hinge,abstract,0.002,0.035,,2.5,0,2,1,1.0033,62.5,0.4984
7,mlp,,hinge,abstract,0.002,0.035,,2.5,0,2,4,1.0025,75.0,0.4989
8,mlp,,hinge,abstract,0.002,0.035,,2.5,0,2,8,1.0016,75.0,0.4995
9,mlp,,hinge,abstract,0.002,0.035,,2.5,0,2,12,1.0007,75.0,0.5
10,mlp,,hinge,abstract,0.002,0.035,,2.5,0,2,16,0.9998,75.0,0.5006
11,mlp,,hinge,abstract,0.002,0.035,,2.5,0,3,1,1.0439,50.0,0.4959
12,mlp,,hinge,abstract,0.002,0.035,,2.5,0,3,4,0.9414,50.0,0.5384
13,mlp,,hinge,abstract,0.002,0.035,,2.5,0,3,8,0.8241,50.0,0.5818
14,mlp,,hinge,abstract,0.002,0.035,,2.5,0,3,12,0.7346,75.0,0.636
15,mlp,,hinge,abstract,0.002,0.035,,2.5,0,3,16,0.6176,62.5,0.6889
16,mlp,,hinge,abstract,0.002,0.035,,2.5,0,4,1,0.9935,75.0,0.5279
17,mlp,,hinge,abstract,0.002,0.035,,2.5,0,4,4,0.8771,62.5,0.5898
18,mlp,,hinge,abstract,0.002,0.035,,2.5,0,4,8,0.6906,62.5,0.6542
19,mlp,,hinge,abstract,0.002,0.035,,2.5,0,4,12,0.5162,75.0,0.7547
20,mlp,,hinge,abstract,0.002,0.035,,2.5,0,4,16,0.3671,100.0,0.8233
21,mlp,,hinge,abstract,0.002,0.035,,2.5,0,5,1,0.9842,50.0,0.5095
22,mlp,,hinge,abstract,0.002,0.035,,2.5,0,5,4,0.9528,50.0,0.5245
23,mlp,,hinge,abstract,0.002,0.035,,2.5,0,5,8,0.8983,50.0,0.5571
24,mlp,,hinge,abstract,0.002,0.035,,2.5,0,5,12,0.8161,62.5,0.6135
25,mlp,,hinge,abstract,0.002,0.035,,2.5,0,5,16,0.6934,75.0,0.6876
26,mlp,,hinge,abstract,0.002,0.035,,2.5,0,6,1,1.0035,62.5,0.4983
27,mlp,,hinge,abstract,0.002,0.035,,2.5,0,6,4,1.0027,62.5,0.4987
28,mlp,,hinge,abstract,0.002,0.035,,2.5,0,6,8,1.0017,62.5,0.4993
29,mlp,,hinge,abstract,0.002,0.035,,2.5,0,6,12,1.0008,62.5,0.4998
30,mlp,,hinge,abstract,0.002,0.035,,2.5,0,6,16,0.9999,62.5,0.5003
1,mlp,,hinge,abstract,0.004,0.035,,2.0,0,1,1,0.8553,50.0,0.6011
2,mlp,,hinge,abstract,0.004,0.035,,2.0,0,1,4,0.5845,100.0,0.7133
3,mlp,,hinge,abstract,0.004,0.035,,2.0,0,1,8,0.1887,100.0,0.8731
4,mlp,,hinge,abstract,0.004,0.035,,2.0,0,1,12,0.0126,100.0,0.9307
5,mlp,,hinge,abstract,0.004,0.035,,2.0,0,1,16,0.0,100.0,0.9307
6,mlp,,hinge,abstract,0.004,0.035,,2.0,0,2,1,1.0023,50.0,0.5004
7,mlp,,hinge,abstract,0.004,0.035,,2.0,0,2,4,1.0013,50.0,0.501
8,mlp,,hinge,abstract,0.004,0.035,,2.0,0,2,8,0.9999,50.0,0.502
9,mlp,,hinge,abstract,0.004,0.035,,2.0,0,2,12,0.9982,50.0,0.5031
10,mlp,,hinge,abstract,0.004,0.035,,2.0,0,2,16,0.9962,50.0,0.5044
11,mlp,,hinge,abstract,0.004,0.035,,2.0,0,3,1,0.989,50.0,0.5105
12,mlp,,hinge,abstract,0.004,0.035,,2.0,0,3,4,0.9402,50.0,0.5331
13,mlp,,hinge,abstract,0.004,0.035,,2.0,0,3,8,0.8535,75.0,0.5785
14,mlp,,hinge,abstract,0.004,0.035,,2.0,0,3,12,0.7201,87.5,0.6444
15,mlp,,hinge,abstract,0.004,0.035,,2.0,0,3,16,0.5098,75.0,0.7074
16,mlp,,hinge,abstract,0.004,0.035,,2.0,0,4,1,1.0146,50.0,0.5076
17,mlp,,hinge,abstract,0.004,0.035,,2.0,0,4,4,0.9151,75.0,0.5605
18,mlp,,hinge,abstract,0.004,0.035,,2.0,0,4,8,0.7231,75.0,0.6475
19,mlp,,hinge,abstract,0.004,0.035,,2.0,0,4,12,0.5199,75.0,0.7244
20,mlp,,hinge,abstract,0.004,0.035,,2.0,0,4,16,0.3754,100.0,0.7872
21,mlp,,hinge,abstract,0.004,0.035,,2.0,0,5,1,0.9593,50.0,0.5282
22,mlp,,hinge,abstract,0.004,0.035,,2.0,0,5,4,0.8878,62.5,0.5634
23,mlp,,hinge,abstract,0.004,0.035,,2.0,0,5,8,0.7642,75.0,0.6197
24,mlp,,hinge,abstract,0.004,0.035,,2.0,0,5,12,0.6249,75.0,0.6665
25,mlp,,hinge,abstract,0.004,0.035,,2.0,0,5,16,0.5228,75.0,0.6954
26,mlp,,hinge,abstract,0.004,0.035,,2.0,0,6,1,0.9953,37.5,0.5029
27,mlp,,hinge,abstract,0.004,0.035,,2.0,0,6,4,0.9947,37.5,0.5032
28,mlp,,hinge,abstract,0.004,0.035,,2.0,0,6,8,0.9938,37.5,0.5038
29,mlp,,hinge,abstract,0.004,0.035,,2.0,0,6,12,0.9927,50.0,0.5044
30,mlp,,hinge,abstract,0.004,0.035,,2.0,0,6,16,0.9915,50.0,0.5052
1,mlp,,hinge,abstract,0.004,0.035,,2.5,0,1,1,1.0084,50.0,0.5196
2,mlp,,hinge,abstract,0.004,0.035,,2.5,0,1,4,0.8605,75.0,0.6121
3,mlp,,hinge,abstract,0.004,0.035,,2.5,0,1,8,0.5734,87.5,0.7567
4,mlp,,hinge,abstract,0.004,0.035,,2.5,0,1,12,0.2298,100.0,0.8909
5,mlp,,hinge,abstract,0.004,0.035,,2.5,0,1,16,0.0406,100.0,0.944
6,mlp,,hinge,abstract,0.004,0.035,,2.5,0,2,1,0.9987,50.0,0.5006
7,mlp,,hinge,abstract,0.004,0.035,,2.5,0,2,4,0.9979,50.0,0.501
8,mlp,,hinge,abstract,0.004,0.035,,2.5,0,2,8,0.9968,50.0,0.5016
9,mlp,,hinge,abstract,0.004,0.035,,2.5,0,2,12,0.9956,50.0,0.5023
10,mlp,,hinge,abstract,0.004,0.035,,2.5,0,2,16,0.9942,50.0,0.5031
11,mlp,,hinge,abstract,0.004,0.035,,2.5,0,3,1,1.1031,50.0,0.4569
12,mlp,,hinge,abstract,0.004,0.035,,2.5,0,3,4,1.0238,50.0,0.5012
13,mlp,,hinge,abstract,0.004,0.035,,2.5,0,3,8,0.9364,50.0,0.5316
14,mlp,,hinge,abstract,0.004,0.035,,2.5,0,3,12,0.8675,50.0,0.5522
15,mlp,,hinge,abstract,0.004,0.035,,2.5,0,3,16,0.811,50.0,0.5854
16,mlp,,hinge,abstract,0.004,0.035,,2.5,0,4,1,0.9536,75.0,0.5554
17,mlp,,hinge,abstract,0.004,0.035,,2.5,0,4,4,0.8091,75.0,0.6397
18,mlp,,hinge,abstract,0.004,0.035,,2.5,0,4,8,0.5881,75.0,0.7186
19,mlp,,hinge,abstract,0.004,0.035,,2.5,0,4,12,0.3977,100.0,0.8027
20,mlp,,hinge,abstract,0.004,0.035,,2.5,0,4,16,0.2922,100.0,0.8672
21,mlp,,hinge,abstract,0.004,0.035,,2.5,0,5,1,0.9741,37.5,0.5216
22,mlp,,hinge,abstract,0.004,0.035,,2.5,0,5,4,0.9407,50.0,0.5386
23,mlp,,hinge,abstract,0.004,0.035,,2.5,0,5,8,0.8875,50.0,0.5588
24,mlp,,hinge,abstract,0.004,0.035,,2.5,0,5,12,0.8172,62.5,0.5811
25,mlp,,hinge,abstract,0.004,0.035,,2.5,0,5,16,0.7567,62.5,0.6156
26,mlp,,hinge,abstract,0.004,0.035,,2.5,0,6,1,0.9994,50.0,0.4998
27,mlp,,hinge,abstract,0.004,0.035,,2.5,0,6,4,0.9993,50.0,0.4999
28,mlp,,hinge,abstract,0.004,0.035,,2.5,0,6,8,0.9991,50.0,0.5
29,mlp,,hinge,abstract,0.004,0.035,,2.5,0,6,12,0.9988,50.0,0.5001
30,mlp,,hinge,abstract,0.004,0.035,,2.5,0,6,16,0.9986,50.0,0.5002
1,mlp,,hinge,abstract,0.006,0.035,,2.0,0,1,1,0.9013,50.0,0.5777
2,mlp,,hinge,abstract,0.006,0.035,,2.0,0,1,4,0.6382,100.0,0.7153
3,mlp,,hinge,abstract,0.006,0.035,,2.0,0,1,8,0.1488,100.0,0.8772
4,mlp,,hinge,abstract,0.006,0.035,,2.0,0,1,12,0.0,100.0,0.9256
5,mlp,,hinge,abstract,0.006,0.035,,2.0,0,1,16,0.0,100.0,0.9256
6,mlp,,hinge,abstract,0.006,0.035,,2.0,0,2,1,0.9928,62.5,0.5046
7,mlp,,hinge,abstract,0.006,0.035,,2.0,0,2,4,0.9893,62.5,0.5063
8,mlp,,hinge,abstract,0.006,0.035,,2.0,0,2,8,0.9841,62.5,0.509
9,mlp,,hinge,abstract,0.006,0.035,,2.0,0,2,12,0.9777,50.0,0.5122
10,mlp,,hinge,abstract,0.006,0.035,,2.0,0,2,16,0.9695,50.0,0.5161
11,mlp,,hinge,abstract,0.006,0.035,,2.0,0,3,1,1.042,37.5,0.4866
12,mlp,,hinge,abstract,0.006,0.035,,2.0,0,3,4,1.0021,62.5,0.505
13,mlp,,hinge,abstract,0.006,0.035,,2.0,0,3,8,0.9527,75.0,0.5304
14,mlp,,hinge,abstract,0.006,0.035,,2.0,0,3,12,0.8823,75.0,0.5676
15,mlp,,hinge,abstract,0.006,0.035,,2.0,0,3,16,0.759,87.5,0.6214
16,mlp,,hinge,abstract,0.006,0.035,,2.0,0,4,1,0.9968,50.0,0.5176
17,mlp,,hinge,abstract,0.006,0.035,,2.0,0,4,4,0.8906,50.0,0.5613
18,mlp,,hinge,abstract,0.006,0.035,,2.0,0,4,8,0.7251,62.5,0.6215
19,mlp,,hinge,abstract,0.006,0.035,,2.0,0,4,12,0.5708,87.5,0.7012
20,mlp,,hinge,abstract,0.006,0.035,,2.0,0,4,16,0.3996,100.0,0.7711
21,mlp,,hinge,abstract,0.006,0.035,,2.0,0,5,1,0.9909,50.0,0.5104
22,mlp,,hinge,abstract,0.006,0.035,,2.0,0,5,4,0.9482,50.0,0.53
23,mlp,,hinge,abstract,0.006,0.035,,2.0,0,5,8,0.8829,50.0,0.561
24,mlp,,hinge,abstract,0.006,0.035,,2.0,0,5,12,0.7939,75.0,0.6014
25,mlp,,hinge,abstract,0.006,0.035,,2.0,0,5,16,0.6628,75.0,0.6525
26,mlp,,hinge,abstract,0.006,0.035,,2.0,0,6,1,0.9974,62.5,0.5012
27,mlp,,hinge,abstract,0.006,0.035,,2.0,0,6,4,0.9968,62.5,0.5015
28,mlp,,hinge,abstract,0.006,0.035,,2.0,0,6,8,0.996,62.5,0.5019
29,mlp,,hinge,abstract,0.006,0.035,,2.0,0,6,12,0.9951,62.5,0.5024
30,mlp,,hinge,abstract,0.006,0.035,,2.0,0,6,16,0.994,50.0,0.5029
1,mlp,,hinge,abstract,0.006,0.035,,2.5,0,1,1,0.9668,62.5,0.5645
2,mlp,,hinge,abstract,0.006,0.035,,2.5,0,1,4,0.7243,100.0,0.7156
3,mlp,,hinge,abstract,0.006,0.035,,2.5,0,1,8,0.1736,100.0,0.9238
4,mlp,,hinge,abstract,0.006,0.035,,2.5,0,1,12,0.0045,100.0,0.964
5,mlp,,hinge,abstract,0.006,0.035,,2.5,0,1,16,0.0,100.0,0.964
6,mlp,,hinge,abstract,0.006,0.035,,2.5,0,2,1,0.9998,50.0,0.5004
7,mlp,,hinge,abstract,0.006,0.035,,2.5,0,2,4,0.9971,50.0,0.5023
8,mlp,,hinge,abstract,0.006,0.035,,2.5,0,2,8,0.9929,62.5,0.5055
9,mlp,,hinge,abstract,0.006,0.035,,2.5,0,2,12,0.9874,62.5,0.5101
10,mlp,,hinge,abstract,0.006,0.035,,2.5,0,2,16,0.9798,75.0,0.5169
11,mlp,,hinge,abstract,0.006,0.035,,2.5,0,3,1,1.0463,50.0,0.4898
12,mlp,,hinge,abstract,0.006,0.035,,2.5,0,3,4,0.958,50.0,0.5388
13,mlp,,hinge,abstract,0.006,0.035,,2.5,0,3,8,0.8279,62.5,0.6045
14,mlp,,hinge,abstract,0.006,0.035,,2.5,0,3,12,0.6627,75.0,0.6775
15,mlp,,hinge,abstract,0.006,0.035,,2.5,0,3,16,0.5015,75.0,0.7175
16,mlp,,hinge,abstract,0.006,0.035,,2.5,0,4,1,0.9345,50.0,0.5387
17,mlp,,hinge,abstract,0.006,0.035,,2.5,0,4,4,0.8406,50.0,0.5608
18,mlp,,hinge,abstract,0.006,0.035,,2.5,0,4,8,0.7466,62.5,0.6192
19,mlp,,hinge,abstract,0.006,0.035,,2.5,0,4,12,0.618,75.0,0.6982
20,mlp,,hinge,abstract,0.006,0.035,,2.5,0,4,16,0.4414,87.5,0.7804
21,mlp,,hinge,abstract,0.006,0.035,,2.5,0,5,1,1.027,50.0,0.4906
22,mlp,,hinge,abstract,0.006,0.035,,2.5,0,5,4,0.9973,50.0,0.5074
23,mlp,,hinge,abstract,0.006,0.035,,2.5,0,5,8,0.9569,62.5,0.5334
24,mlp,,hinge,abstract,0.006,0.035,,2.5,0,5,12,0.9074,75.0,0.5672
25,mlp,,hinge,abstract,0.006,0.035,,2.5,0,5,16,0.8378,87.5,0.6108
26,mlp,,hinge,abstract,0.006,0.035,,2.5,0,6,1,0.9964,50.0,0.5023
27,mlp,,hinge,abstract,0.006,0.035,,2.5,0,6,4,0.9961,50.0,0.5025
28,mlp,,hinge,abstract,0.006,0.035,,2.5,0,6,8,0.9957,50.0,0.5028
29,mlp,,hinge,abstract,0.006,0.035,,2.5,0,6,12,0.9952,50.0,0.5031
30,mlp,,hinge,abstract,0.006,0.035,,2.5,0,6,16,0.9946,50.0,0.5035
1,mlp,,hinge,abstract,0.008,0.035,,2.0,0,1,1,0.9669,50.0,0.5319
2,mlp,,hinge,abstract,0.008,0.035,,2.0,0,1,4,0.8203,50.0,0.5785
3,mlp,,hinge,abstract,0.008,0.035,,2.0,0,1,8,0.6183,75.0,0.6761
4,mlp,,hinge,abstract,0.008,0.035,,2.0,0,1,12,0.302,100.0,0.8342
5,mlp,,hinge,abstract,0.008,0.035,,2.0,0,1,16,0.0755,100.0,0.9056
6,mlp,,hinge,abstract,0.008,0.035,,2.0,0,2,1,1.0019,37.5,0.4986
7,mlp,,hinge,abstract,0.008,0.035,,2.0,0,2,4,0.9996,37.5,0.4999
8,mlp,,hinge,abstract,0.008,0.035,,2.0,0,2,8,0.9965,37.5,0.5017
9,mlp,,hinge,abstract,0.008,0.035,,2.0,0,2,12,0.993,37.5,0.5038
10,mlp,,hinge,abstract,0.008,0.035,,2.0,0,2,16,0.989,62.5,0.5062
11,mlp,,hinge,abstract,0.008,0.035,,2.0,0,3,1,0.9788,50.0,0.5192
12,mlp,,hinge,abstract,0.008,0.035,,2.0,0,3,4,0.9172,75.0,0.5501
13,mlp,,hinge,abstract,0.008,0.035,,2.0,0,3,8,0.8077,75.0,0.6018
14,mlp,,hinge,abstract,0.008,0.035,,2.0,0,3,12,0.6456,75.0,0.6518
15,mlp,,hinge,abstract,0.008,0.035,,2.0,0,3,16,0.597,75.0,0.6738
16,mlp,,hinge,abstract,0.008,0.035,,2.0,0,4,1,0.9292,50.0,0.5492
17,mlp,,hinge,abstract,0.008,0.035,,2.0,0,4,4,0.7797,50.0,0.5921
18,mlp,,hinge,abstract,0.008,0.035,,2.0,0,4,8,0.6443,62.5,0.6574
19,mlp,,hinge,abstract,0.008,0.035,,2.0,0,4,12,0.4552,87.5,0.7476
20,mlp,,hinge,abstract,0.008,0.035,,2.0,0,4,16,0.3155,100.0,0.8116
21,mlp,,hinge,abstract,0.008,0.035,,2.0,0,5,1,0.9766,50.0,0.5164
22,mlp,,hinge,abstract,0.008,0.035,,2.0,0,5,4,0.9275,50.0,0.535
23,mlp,,hinge,abstract,0.008,0.035,,2.0,0,5,8,0.8497,62.5,0.5609
24,mlp,,hinge,abstract,0.008,0.035,,2.0,0,5,12,0.7768,50.0,0.5946
25,mlp,,hinge,abstract,0.008,0.035,,2.0,0,5,16,0.6763,75.0,0.641
26,mlp,,hinge,abstract,0.008,0.035,,2.0,0,6,1,0.9989,50.0,0.5007
27,mlp,,hinge,abstract,0.008,0.035,,2.0,0,6,4,0.9987,50.0,0.5008
28,mlp,,hinge,abstract,0.008,0.035,,2.0,0,6,8,0.9985,50.0,0.5009
29,mlp,,hinge,abstract,0.008,0.035,,2.0,0,6,12,0.9983,50.0,0.501
30,mlp,,hinge,abstract,0.008,0.035,,2.0,0,6,16,0.9981,50.0,0.5011
1,mlp,,hinge,abstract,0.008,0.035,,2.5,0,1,1,0.9859,87.5,0.5476
2,mlp,,hinge,abstract,0.008,0.035,,2.5,0,1,4,0.7853,100.0,0.6674
3,mlp,,hinge,abstract,0.008,0.035,,2.5,0,1,8,0.446,100.0,0.8335
4,mlp,,hinge,abstract,0.008,0.035,,2.5,0,1,12,0.0279,100.0,0.9223
5,mlp,,hinge,abstract,0.008,0.035,,2.5,0,1,16,0.0,100.0,0.9565
6,mlp,,hinge,abstract,0.008,0.035,,2.5,0,2,1,0.9967,50.0,0.5025
7,mlp,,hinge,abstract,0.008,0.035,,2.5,0,2,4,0.9953,50.0,0.5032
8,mlp,,hinge,abstract,0.008,0.035,,2.5,0,2,8,0.9934,62.5,0.5042
9,mlp,,hinge,abstract,0.008,0.035,,2.5,0,2,12,0.9912,50.0,0.5053
10,mlp,,hinge,abstract,0.008,0.035,,2.5,0,2,16,0.9887,50.0,0.5066
11,mlp,,hinge,abstract,0.008,0.035,,2.5,0,3,1,0.9958,50.0,0.5198
12,mlp,,hinge,abstract,0.008,0.035,,2.5,0,3,4,0.9103,62.5,0.5707
13,mlp,,hinge,abstract,0.008,0.035,,2.5,0,3,8,0.7696,62.5,0.6308
14,mlp,,hinge,abstract,0.008,0.035,,2.5,0,3,12,0.6474,87.5,0.6846
15,mlp,,hinge,abstract,0.008,0.035,,2.5,0,3,16,0.5445,87.5,0.7189
16,mlp,,hinge,abstract,0.008,0.035,,2.5,0,4,1,0.9787,50.0,0.5262
17,mlp,,hinge,abstract,0.008,0.035,,2.5,0,4,4,0.9029,50.0,0.5686
18,mlp,,hinge,abstract,0.008,0.035,,2.5,0,4,8,0.7427,62.5,0.6302
19,mlp,,hinge,abstract,0.008,0.035,,2.5,0,4,12,0.6055,75.0,0.7125
20,mlp,,hinge,abstract,0.008,0.035,,2.5,0,4,16,0.423,87.5,0.797
21,mlp,,hinge,abstract,0.008,0.035,,2.5,0,5,1,0.9805,50.0,0.5247
22,mlp,,hinge,abstract,0.008,0.035,,2.5,0,5,4,0.9146,50.0,0.5567
23,mlp,,hinge,abstract,0.008,0.035,,2.5,0,5,8,0.8157,50.0,0.5893
24,mlp,,hinge,abstract,0.008,0.035,,2.5,0,5,12,0.7208,75.0,0.6405
25,mlp,,hinge,abstract,0.008,0.035,,2.5,0,5,16,0.6071,75.0,0.7
26,mlp,,hinge,abstract,0.008,0.035,,2.5,0,6,1,0.9968,50.0,0.5015
27,mlp,,hinge,abstract,0.008,0.035,,2.5,0,6,4,0.9963,50.0,0.5017
28,mlp,,hinge,abstract,0.008,0.035,,2.5,0,6,8,0.9955,50.0,0.502
29,mlp,,hinge,abstract,0.008,0.035,,2.5,0,6,12,0.9946,50.0,0.5023
30,mlp,,hinge,abstract,0.008,0.035,,2.5,0,6,16,0.9936,50.0,0.5026
1,mlp,,hinge,abstract,0.002,0.045,,2.0,0,1,1,1.0679,50.0,0.4962
2,mlp,,hinge,abstract,0.002,0.045,,2.0,0,1,4,0.8949,50.0,0.5656
3,mlp,,hinge,abstract,0.002,0.045,,2.0,0,1,8,0.6017,75.0,0.6965
4,mlp,,hinge,abstract,0.002,0.045,,2.0,0,1,12,0.1955,100.0,0.8702
5,mlp,,hinge,abstract,0.002,0.045,,2.0,0,1,16,0.0204,100.0,0.9387
6,mlp,,hinge,abstract,0.002,0.045,,2.0,0,2,1,0.9874,50.0,0.5069
7,mlp,,hinge,abstract,0.002,0.045,,2.0,0,2,4,0.982,50.0,0.5097
8,mlp,,hinge,abstract,0.002,0.045,,2.0,0,2,8,0.973,50.0,0.5144
9,mlp,,hinge,abstract,0.002,0.045,,2.0,0,2,12,0.9609,50.0,0.5209
10,mlp,,hinge,abstract,0.002,0.045,,2.0,0,2,16,0.9435,50.0,0.53
11,mlp,,hinge,abstract,0.002,0.045,,2.0,0,3,1,1.0166,62.5,0.5052
12,mlp,,hinge,abstract,0.002,0.045,,2.0,0,3,4,0.9393,62.5,0.5412
13,mlp,,hinge,abstract,0.002,0.045,,2.0,0,3,8,0.8113,62.5,0.5916
14,mlp,,hinge,abstract,0.002,0.045,,2.0,0,3,12,0.6536,87.5,0.6669
15,mlp,,hinge,abstract,0.002,0.045,,2.0,0,3,16,0.4814,75.0,0.7146
16,mlp,,hinge,abstract,0.002,0.045,,2.0,0,4,1,0.9316,87.5,0.5638
17,mlp,,hinge,abstract,0.002,0.045,,2.0,0,4,4,0.724,62.5,0.6469
18,mlp,,hinge,abstract,0.002,0.045,,2.0,0,4,8,0.4779,87.5,0.7493
19,mlp,,hinge,abstract,0.002,0.045,,2.0,0,4,12,0.3171,100.0,0.8165
20,mlp,,hinge,abstract,0.002,0.045,,2.0,0,4,16,0.1856,100.0,0.8581
21,mlp,,hinge,abstract,0.002,0.045,,2.0,0,5,1,0.9832,62.5,0.5187
22,mlp,,hinge,abstract,0.002,0.045,,2.0,0,5,4,0.9182,75.0,0.5502
23,mlp,,hinge,abstract,0.002,0.045,,2.0,0,5,8,0.8036,62.5,0.5981
24,mlp,,hinge,abstract,0.002,0.045,,2.0,0,5,12,0.6654,75.0,0.6527
25,mlp,,hinge,abstract,0.002,0.045,,2.0,0,5,16,0.5542,75.0,0.6953
26,mlp,,hinge,abstract,0.002,0.045,,2.0,0,6,1,0.9987,50.0,0.5008
27,mlp,,hinge,abstract,0.002,0.045,,2.0,0,6,4,0.9973,50.0,0.5015
28,mlp,,hinge,abstract,0.002,0.045,,2.0,0,6,8,0.9953,50.0,0.5025
29,mlp,,hinge,abstract,0.002,0.045,,2.0,0,6,12,0.9929,50.0,0.5037
30,mlp,,hinge,abstract,0.002,0.045,,2.0,0,6,16,0.99,50.0,0.5051
1,mlp,,hinge,abstract,0.002,0.045,,2.5,0,1,1,1.111,37.5,0.4654
2,mlp,,hinge,abstract,0.002,0.045,,2.5,0,1,4,0.9718,50.0,0.5418
3,mlp,,hinge,abstract,0.002,0.045,,2.5,0,1,8,0.7588,87.5,0.681
4,mlp,,hinge,abstract,0.002,0.045,,2.5,0,1,12,0.2945,100.0,0.878
5,mlp,,hinge,abstract,0.002,0.045,,2.5,0,1,16,0.1483,100.0,0.94
6,mlp,,hinge,abstract,0.002,0.045,,2.5,0,2,1,1.0051,37.5,0.4937
7,mlp,,hinge,abstract,0.002,0.045,,2.5,0,2,4,1.0003,25.0,0.4965
8,mlp,,hinge,abstract,0.002,0.045,,2.5,0,2,8,0.9941,37.5,0.5008
9,mlp,,hinge,abstract,0.002,0.045,,2.5,0,2,12,0.9877,37.5,0.5059
10,mlp,,hinge,abstract,0.002,0.045,,2.5,0,2,16,0.9803,62.5,0.5125
11,mlp,,hinge,abstract,0.002,0.045,,2.5,0,3,1,0.9433,50.0,0.5521
12,mlp,,hinge,abstract,0.002,0.045,,2.5,0,3,4,0.8256,50.0,0.5955
13,mlp,,hinge,abstract,0.002,0.045,,2.5,0,3,8,0.6968,87.5,0.6752
14,mlp,,hinge,abstract,0.002,0.045,,2.5,0,3,12,0.5208,87.5,0.7399
15,mlp,,hinge,abstract,0.002,0.045,,2.5,0,3,16,0.4441,87.5,0.77
16,mlp,,hinge,abstract,0.002,0.045,,2.5,0,4,1,1.0338,50.0,0.5189
17,mlp,,hinge,abstract,0.002,0.045,,2.5,0,4,4,0.8376,62.5,0.6193
18,mlp,,hinge,abstract,0.002,0.045,,2.5,0,4,8,0.5793,62.5,0.7293
19,mlp,,hinge,abstract,0.002,0.045,,2.5,0,4,12,0.3398,100.0,0.8159
20,mlp,,hinge,abstract,0.002,0.045,,2.5,0,4,16,0.1869,100.0,0.9091
21,mlp,,hinge,abstract,0.002,0.045,,2.5,0,5,1,1.031,50.0,0.4933
22,mlp,,hinge,abstract,0.002,0.045,,2.5,0,5,4,0.9825,50.0,0.5142
23,mlp,,hinge,abstract,0.002,0.045,,2.5,0,5,8,0.9148,50.0,0.5376
24,mlp,,hinge,abstract,0.002,0.045,,2.5,0,5,12,0.8474,50.0,0.5765
25,mlp,,hinge,abstract,0.002,0.045,,2.5,0,5,16,0.7832,75.0,0.632
26,mlp,,hinge,abstract,0.002,0.045,,2.5,0,6,1,1.0063,50.0,0.496
27,mlp,,hinge,abstract,0.002,0.045,,2.5,0,6,4,1.0055,50.0,0.4965
28,mlp,,hinge,abstract,0.002,0.045,,2.5,0,6,8,1.0044,50.0,0.4971
29,mlp,,hinge,abstract,0.002,0.045,,2.5,0,6,12,1.0035,50.0,0.4976
30,mlp,,hinge,abstract,0.002,0.045,,2.5,0,6,16,1.0026,50.0,0.4981
1,mlp,,hinge,abstract,0.004,0.045,,2.0,0,1,1,1.0059,50.0,0.5274
2,mlp,,hinge,abstract,0.004,0.045,,2.0,0,1,4,0.7972,100.0,0.6394
3,mlp,,hinge,abstract,0.004,0.045,,2.0,0,1,8,0.3481,100.0,0.8327
4,mlp,,hinge,abstract,0.004,0.045,,2.0,0,1,12,0.0132,100.0,0.9166
5,mlp,,hinge,abstract,0.004,0.045,,2.0,0,1,16,0.0,100.0,0.9446
6,mlp,,hinge,abstract,0.004,0.045,,2.0,0,2,1,0.9968,50.0,0.5015
7,mlp,,hinge,abstract,0.004,0.045,,2.0,0,2,4,0.9957,50.0,0.502
8,mlp,,hinge,abstract,0.004,0.045,,2.0,0,2,8,0.994,50.0,0.5028
9,mlp,,hinge,abstract,0.004,0.045,,2.0,0,2,12,0.9919,50.0,0.5037
10,mlp,,hinge,abstract,0.004,0.045,,2.0,0,2,16,0.9895,50.0,0.5049
11,mlp,,hinge,abstract,0.004,0.045,,2.0,0,3,1,0.965,50.0,0.5224
12,mlp,,hinge,abstract,0.004,0.045,,2.0,0,3,4,0.8942,50.0,0.5462
13,mlp,,hinge,abstract,0.004,0.045,,2.0,0,3,8,0.7907,62.5,0.591
14,mlp,,hinge,abstract,0.004,0.045,,2.0,0,3,12,0.6653,75.0,0.6633
15,mlp,,hinge,abstract,0.004,0.045,,2.0,0,3,16,0.5384,75.0,0.7119
16,mlp,,hinge,abstract,0.004,0.045,,2.0,0,4,1,1.0713,50.0,0.4828
17,mlp,,hinge,abstract,0.004,0.045,,2.0,0,4,4,0.9729,62.5,0.5278
18,mlp,,hinge,abstract,0.004,0.045,,2.0,0,4,8,0.8188,75.0,0.5942
19,mlp,,hinge,abstract,0.004,0.045,,2.0,0,4,12,0.6405,87.5,0.6778
20,mlp,,hinge,abstract,0.004,0.045,,2.0,0,4,16,0.4306,87.5,0.7534
21,mlp,,hinge,abstract,0.004,0.045,,2.0,0,5,1,0.9674,50.0,0.5165
22,mlp,,hinge,abstract,0.004,0.045,,2.0,0,5,4,0.9119,50.0,0.5334
23,mlp,,hinge,abstract,0.004,0.045,,2.0,0,5,8,0.8499,50.0,0.565
24,mlp,,hinge,abstract,0.004,0.045,,2.0,0,5,12,0.7402,75.0,0.6111
25,mlp,,hinge,abstract,0.004,0.045,,2.0,0,5,16,0.6066,75.0,0.6763
26,mlp,,hinge,abstract,0.004,0.045,,2.0,0,6,1,1.0012,37.5,0.4995
27,mlp,,hinge,abstract,0.004,0.045,,2.0,0,6,4,1.0009,37.5,0.4996
28,mlp,,hinge,abstract,0.004,0.045,,2.0,0,6,8,1.0005,37.5,0.4998
29,mlp,,hinge,abstract,0.004,0.045,,2.0,0,6,12,1.0001,37.5,0.5
30,mlp,,hinge,abstract,0.004,0.045,,2.0,0,6,16,0.9997,37.5,0.5002
1,mlp,,hinge,abstract,0.004,0.045,,2.5,0,1,1,0.9159,62.5,0.5912
2,mlp,,hinge,abstract,0.004,0.045,,2.5,0,1,4,0.6322,75.0,0.7334
3,mlp,,hinge,abstract,0.004,0.045,,2.5,0,1,8,0.0948,100.0,0.9281
4,mlp,,hinge,abstract,0.004,0.045,,2.5,0,1,12,0.0,100.0,0.9752
5,mlp,,hinge,abstract,0.004,0.045,,2.5,0,1,16,0.0,100.0,0.9752
6,mlp,,hinge,abstract,0.004,0.045,,2.5,0,2,1,0.9928,25.0,0.5032
7,mlp,,hinge,abstract,0.004,0.045,,2.5,0,2,4,0.9895,37.5,0.5056
8,mlp,,hinge,abstract,0.004,0.045,,2.5,0,2,8,0.9839,50.0,0.5096
9,mlp,,hinge,abstract,0.004,0.045,,2.5,0,2,12,0.9768,50.0,0.5149
10,mlp,,hinge,abstract,0.004,0.045,,2.5,0,2,16,0.9671,62.5,0.522
11,mlp,,hinge,abstract,0.004,0.045,,2.5,0,3,1,1.1154,37.5,0.465
12,mlp,,hinge,abstract,0.004,0.045,,2.5,0,3,4,0.997,50.0,0.524
13,mlp,,hinge,abstract,0.004,0.045,,2.5,0,3,8,0.8469,75.0,0.6127
14,mlp,,hinge,abstract,0.004,0.045,,2.5,0,3,12,0.638,87.5,0.7001
15,mlp,,hinge,abstract,0.004,0.045,,2.5,0,3,16,0.5237,87.5,0.7273
16,mlp,,hinge,abstract,0.004,0.045,,2.5,0,4,1,1.0533,50.0,0.4892
17,mlp,,hinge,abstract,0.004,0.045,,2.5,0,4,4,0.9426,50.0,0.5564
18,mlp,,hinge,abstract,0.004,0.045,,2.5,0,4,8,0.7511,62.5,0.6191
19,mlp,,hinge,abstract,0.004,0.045,,2.5,0,4,12,0.5889,75.0,0.7192
20,mlp,,hinge,abstract,0.004,0.045,,2.5,0,4,16,0.3676,100.0,0.8303
21,mlp,,hinge,abstract,0.004,0.045,,2.5,0,5,1,1.0417,50.0,0.493
22,mlp,,hinge,abstract,0.004,0.045,,2.5,0,5,4,0.9522,75.0,0.5485
23,mlp,,hinge,abstract,0.004,0.045,,2.5,0,5,8,0.8154,87.5,0.6325
24,mlp,,hinge,abstract,0.004,0.045,,2.5,0,5,12,0.6222,75.0,0.6988
25,mlp,,hinge,abstract,0.004,0.045,,2.5,0,5,16,0.4792,75.0,0.7181
26,mlp,,hinge,abstract,0.004,0.045,,2.5,0,6,1,1.0011,50.0,0.4996
27,mlp,,hinge,abstract,0.004,0.045,,2.5,0,6,4,1.0009,50.0,0.4997
28,mlp,,hinge,abstract,0.004,0.045,,2.5,0,6,8,1.0007,50.0,0.4998
29,mlp,,hinge,abstract,0.004,0.045,,2.5,0,6,12,1.0006,50.0,0.4998
30,mlp,,hinge,abstract,0.004,0.045,,2.5,0,6,16,1.0004,50.0,0.4999
1,mlp,,hinge,abstract,0.006,0.045,,2.0,0,1,1,1.1396,50.0,0.472
2,mlp,,hinge,abstract,0.006,0.045,,2.0,0,1,4,0.9295,62.5,0.5636
3,mlp,,hinge,abstract,0.006,0.045,,2.0,0,1,8,0.5992,87.5,0.7185
4,mlp,,hinge,abstract,0.006,0.045,,2.0,0,1,12,0.1769,100.0,0.8797
5,mlp,,hinge,abstract,0.006,0.045,,2.0,0,1,16,0.0254,100.0,0.9363
6,mlp,,hinge,abstract,0.006,0.045,,2.0,0,2,1,1.0117,50.0,0.4949
7,mlp,,hinge,abstract,0.006,0.045,,2.0,0,2,4,1.0087,50.0,0.4964
8,mlp,,hinge,abstract,0.006,0.045,,2.0,0,2,8,1.0051,50.0,0.4981
9,mlp,,hinge,abstract,0.006,0.045,,2.0,0,2,12,1.0018,50.0,0.4997
10,mlp,,hinge,abstract,0.006,0.045,,2.0,0,2,16,0.9985,50.0,0.5013
11,mlp,,hinge,abstract,0.006,0.045,,2.0,0,3,1,0.9083,75.0,0.5683
12,mlp,,hinge,abstract,0.006,0.045,,2.0,0,3,4,0.7451,75.0,0.6349
13,mlp,,hinge,abstract,0.006,0.045,,2.0,0,3,8,0.5459,75.0,0.6992
14,mlp,,hinge,abstract,0.006,0.045,,2.0,0,3,12,0.4928,75.0,0.7017
15,mlp,,hinge,abstract,0.006,0.045,,2.0,0,3,16,0.4884,75.0,0.7043
16,mlp,,hinge,abstract,0.006,0.045,,2.0,0,4,1,0.9589,50.0,0.5461
17,mlp,,hinge,abstract,0.006,0.045,,2.0,0,4,4,0.7773,50.0,0.5972
18,mlp,,hinge,abstract,0.006,0.045,,2.0,0,4,8,0.6246,62.5,0.674
19,mlp,,hinge,abstract,0.006,0.045,,2.0,0,4,12,0.42,87.5,0.7621
20,mlp,,hinge,abstract,0.006,0.045,,2.0,0,4,16,0.2772,100.0,0.8354
21,mlp,,hinge,abstract,0.006,0.045,,2.0,0,5,1,0.989,50.0,0.5156
22,mlp,,hinge,abstract,0.006,0.045,,2.0,0,5,4,0.9142,50.0,0.5474
23,mlp,,hinge,abstract,0.006,0.045,,2.0,0,5,8,0.8053,62.5,0.5948
24,mlp,,hinge,abstract,0.006,0.045,,2.0,0,5,12,0.6915,75.0,0.6524
25,mlp,,hinge,abstract,0.006,0.045,,2.0,0,5,16,0.5332,75.0,0.6912
26,mlp,,hinge,abstract,0.006,0.045,,2.0,0,6,1,0.9917,50.0,0.5043
27,mlp,,hinge,abstract,0.006,0.045,,2.0,0,6,4,0.9901,50.0,0.5052
28,mlp,,hinge,abstract,0.006,0.045,,2.0,0,6,8,0.9873,37.5,0.5067
29,mlp,,hinge,abstract,0.006,0.045,,2.0,0,6,12,0.9836,37.5,0.5087
30,mlp,,hinge,abstract,0.006,0.045,,2.0,0,6,16,0.9787,37.5,0.5114
1,mlp,,hinge,abstract,0.006,0.045,,2.5,0,1,1,0.8467,75.0,0.6312
2,mlp,,hinge,abstract,0.006,0.045,,2.5,0,1,4,0.5701,100.0,0.7901
3,mlp,,hinge,abstract,0.006,0.045,,2.5,0,1,8,0.0935,100.0,0.9344
4,mlp,,hinge,abstract,0.006,0.045,,2.5,0,1,12,0.0008,100.0,0.9625
5,mlp,,hinge,abstract,0.006,0.045,,2.5,0,1,16,0.0,100.0,0.9625
6,mlp,,hinge,abstract,0.006,0.045,,2.5,0,2,1,0.9924,37.5,0.504
7,mlp,,hinge,abstract,0.006,0.045,,2.5,0,2,4,0.9849,37.5,0.5086
8,mlp,,hinge,abstract,0.006,0.045,,2.5,0,2,8,0.9736,50.0,0.5155
9,mlp,,hinge,abstract,0.006,0.045,,2.5,0,2,12,0.9594,50.0,0.5242
10,mlp,,hinge,abstract,0.006,0.045,,2.5,0,2,16,0.9406,50.0,0.5358
11,mlp,,hinge,abstract,0.006,0.045,,2.5,0,3,1,1.0226,50.0,0.4987
12,mlp,,hinge,abstract,0.006,0.045,,2.5,0,3,4,0.955,50.0,0.5407
13,mlp,,hinge,abstract,0.006,0.045,,2.5,0,3,8,0.8362,62.5,0.609
14,mlp,,hinge,abstract,0.006,0.045,,2.5,0,3,12,0.6811,75.0,0.6712
15,mlp,,hinge,abstract,0.006,0.045,,2.5,0,3,16,0.5192,75.0,0.7279
16,mlp,,hinge,abstract,0.006,0.045,,2.5,0,4,1,1.05,37.5,0.4943
17,mlp,,hinge,abstract,0.006,0.045,,2.5,0,4,4,0.9342,50.0,0.5549
18,mlp,,hinge,abstract,0.006,0.045,,2.5,0,4,8,0.7735,50.0,0.6063
19,mlp,,hinge,abstract,0.006,0.045,,2.5,0,4,12,0.6418,87.5,0.6971
20,mlp,,hinge,abstract,0.006,0.045,,2.5,0,4,16,0.4489,87.5,0.7834
21,mlp,,hinge,abstract,0.006,0.045,,2.5,0,5,1,1.0368,50.0,0.4881
22,mlp,,hinge,abstract,0.006,0.045,,2.5,0,5,4,0.9874,50.0,0.5176
23,mlp,,hinge,abstract,0.006,0.045,,2.5,0,5,8,0.9164,75.0,0.5639
24,mlp,,hinge,abstract,0.006,0.045,,2.5,0,5,12,0.8117,75.0,0.6224
25,mlp,,hinge,abstract,0.006,0.045,,2.5,0,5,16,0.6423,75.0,0.6863
26,mlp,,hinge,abstract,0.006,0.045,,2.5,0,6,1,0.9989,50.0,0.5011
27,mlp,,hinge,abstract,0.006,0.045,,2.5,0,6,4,0.9986,50.0,0.5013
28,mlp,,hinge,abstract,0.006,0.045,,2.5,0,6,8,0.998,50.0,0.5017
29,mlp,,hinge,abstract,0.006,0.045,,2.5,0,6,12,0.9975,50.0,0.5021
30,mlp,,hinge,abstract,0.006,0.045,,2.5,0,6,16,0.9968,50.0,0.5026
1,mlp,,hinge,abstract,0.008,0.045,,2.0,0,1,1,1.0404,50.0,0.516
2,mlp,,hinge,abstract,0.008,0.045,,2.0,0,1,4,0.8141,62.5,0.5943
3,mlp,,hinge,abstract,0.008,0.045,,2.0,0,1,8,0.5083,87.5,0.7511
4,mlp,,hinge,abstract,0.008,0.045,,2.0,0,1,12,0.1076,100.0,0.888
5,mlp,,hinge,abstract,0.008,0.045,,2.0,0,1,16,0.0044,100.0,0.9184
6,mlp,,hinge,abstract,0.008,0.045,,2.0,0,2,1,1.0025,50.0,0.499
7,mlp,,hinge,abstract,0.008,0.045,,2.0,0,2,4,1.0015,50.0,0.4995
8,mlp,,hinge,abstract,0.008,0.045,,2.0,0,2,8,1.0001,50.0,0.5002
9,mlp,,hinge,abstract,0.008,0.045,,2.0,0,2,12,0.9987,50.0,0.5009
10,mlp,,hinge,abstract,0.008,0.045,,2.0,0,2,16,0.997,50.0,0.5018
11,mlp,,hinge,abstract,0.008,0.045,,2.0,0,3,1,1.0193,50.0,0.5118
12,mlp,,hinge,abstract,0.008,0.045,,2.0,0,3,4,0.8778,50.0,0.5645
13,mlp,,hinge,abstract,0.008,0.045,,2.0,0,3,8,0.7194,87.5,0.6358
14,mlp,,hinge,abstract,0.008,0.045,,2.0,0,3,12,0.5832,75.0,0.6881
15,mlp,,hinge,abstract,0.008,0.045,,2.0,0,3,16,0.5051,87.5,0.7211
16,mlp,,hinge,abstract,0.008,0.045,,2.0,0,4,1,1.0569,50.0,0.4925
17,mlp,,hinge,abstract,0.008,0.045,,2.0,0,4,4,0.9345,75.0,0.553
18,mlp,,hinge,abstract,0.008,0.045,,2.0,0,4,8,0.7274,62.5,0.6245
19,mlp,,hinge,abstract,0.008,0.045,,2.0,0,4,12,0.5626,87.5,0.7099
20,mlp,,hinge,abstract,0.008,0.045,,2.0,0,4,16,0.3799,100.0,0.7902
21,mlp,,hinge,abstract,0.008,0.045,,2.0,0,5,1,0.9415,50.0,0.5263
22,mlp,,hinge,abstract,0.008,0.045,,2.0,0,5,4,0.9022,50.0,0.5416
23,mlp,,hinge,abstract,0.008,0.045,,2.0,0,5,8,0.8467,50.0,0.5695
24,mlp,,hinge,abstract,0.008,0.045,,2.0,0,5,12,0.7741,75.0,0.6094
25,mlp,,hinge,abstract,0.008,0.045,,2.0,0,5,16,0.6636,75.0,0.6611
26,mlp,,hinge,abstract,0.008,0.045,,2.0,0,6,1,0.9998,50.0,0.5001
27,mlp,,hinge,abstract,0.008,0.045,,2.0,0,6,4,0.9997,50.0,0.5002
28,mlp,,hinge,abstract,0.008,0.045,,2.0,0,6,8,0.9996,50.0,0.5002
29,mlp,,hinge,abstract,0.008,0.045,,2.0,0,6,12,0.9995,50.0,0.5003
30,mlp,,hinge,abstract,0.008,0.045,,2.0,0,6,16,0.9994,50.0,0.5004
1,mlp,,hinge,abstract,0.008,0.045,,2.5,0,1,1,0.9626,62.5,0.5676
2,mlp,,hinge,abstract,0.008,0.045,,2.5,0,1,4,0.6567,100.0,0.7607
3,mlp,,hinge,abstract,0.008,0.045,,2.5,0,1,8,0.1134,100.0,0.9058
4,mlp,,hinge,abstract,0.008,0.045,,2.5,0,1,12,0.0,100.0,0.9723
5,mlp,,hinge,abstract,0.008,0.045,,2.5,0,1,16,0.0,100.0,0.9723
6,mlp,,hinge,abstract,0.008,0.045,,2.5,0,2,1,0.9885,50.0,0.5041
7,mlp,,hinge,abstract,0.008,0.045,,2.5,0,2,4,0.9848,50.0,0.5053
8,mlp,,hinge,abstract,0.008,0.045,,2.5,0,2,8,0.9785,50.0,0.5071
9,mlp,,hinge,abstract,0.008,0.045,,2.5,0,2,12,0.97,50.0,0.5095
10,mlp,,hinge,abstract,0.008,0.045,,2.5,0,2,16,0.9601,50.0,0.515
11,mlp,,hinge,abstract,0.008,0.045,,2.5,0,3,1,0.9522,62.5,0.5477
12,mlp,,hinge,abstract,0.008,0.045,,2.5,0,3,4,0.8483,75.0,0.6141
13,mlp,,hinge,abstract,0.008,0.045,,2.5,0,3,8,0.6246,75.0,0.7043
14,mlp,,hinge,abstract,0.008,0.045,,2.5,0,3,12,0.4831,75.0,0.7341
15,mlp,,hinge,abstract,0.008,0.045,,2.5,0,3,16,0.4787,75.0,0.739
16,mlp,,hinge,abstract,0.008,0.045,,2.5,0,4,1,1.024,50.0,0.5022
17,mlp,,hinge,abstract,0.008,0.045,,2.5,0,4,4,0.9453,75.0,0.5522
18,mlp,,hinge,abstract,0.008,0.045,,2.5,0,4,8,0.7864,87.5,0.6505
19,mlp,,hinge,abstract,0.008,0.045,,2.5,0,4,12,0.5336,87.5,0.7534
20,mlp,,hinge,abstract,0.008,0.045,,2.5,0,4,16,0.3536,100.0,0.8385
21,mlp,,hinge,abstract,0.008,0.045,,2.5,0,5,1,1.0076,50.0,0.5038
22,mlp,,hinge,abstract,0.008,0.045,,2.5,0,5,4,0.9646,62.5,0.531
23,mlp,,hinge,abstract,0.008,0.045,,2.5,0,5,8,0.8946,75.0,0.5751
24,mlp,,hinge,abstract,0.008,0.045,,2.5,0,5,12,0.787,62.5,0.6204
25,mlp,,hinge,abstract,0.008,0.045,,2.5,0,5,16,0.6574,75.0,0.6765
26,mlp,,hinge,abstract,0.008,0.045,,2.5,0,6,1,0.9984,50.0,0.5019
27,mlp,,hinge,abstract,0.008,0.045,,2.5,0,6,4,0.9979,50.0,0.5023
28,mlp,,hinge,abstract,0.008,0.045,,2.5,0,6,8,0.9971,50.0,0.5028
29,mlp,,hinge,abstract,0.008,0.045,,2.5,0,6,12,0.9962,50.0,0.5033
30,mlp,,hinge,abstract,0.008,0.045,,2.5,0,6,16,0.9951,50.0,0.504
